datetime,open,high,low,close,volume
2026-02-01T22:00:00+00:00,156.03099999999992,156.5469999999999,155.88299999999995,156.38199999999992,2888.195091658808
2026-02-01T23:00:00+00:00,156.38199999999992,156.6659999999999,156.23099999999994,156.37399999999994,19086
2026-02-02T00:00:00+00:00,156.37399999999994,156.42299999999992,155.97399999999993,156.38299999999992,24635
2026-02-02T01:00:00+00:00,156.38299999999992,156.53999999999994,156.15999999999994,156.18899999999994,18953
2026-02-02T02:00:00+00:00,156.18899999999994,156.29299999999992,155.99799999999993,156.29299999999992,15833
2026-02-02T03:00:00+00:00,156.29299999999992,156.2969999999999,156.05199999999994,156.12799999999993,13362
2026-02-02T04:00:00+00:00,156.12799999999993,156.13399999999993,155.90399999999994,155.98999999999992,14176
2026-02-02T05:00:00+00:00,155.98999999999992,156.11899999999991,155.90599999999992,156.04499999999993,15314
2026-02-02T06:00:00+00:00,156.04499999999993,156.14199999999994,155.70099999999994,155.74399999999991,22587
2026-02-02T07:00:00+00:00,155.74399999999991,156.0709999999999,155.72699999999992,156.05699999999993,17843
2026-02-02T08:00:00+00:00,156.05699999999993,156.22299999999993,155.90199999999993,156.12399999999994,17347
2026-02-02T09:00:00+00:00,156.12399999999994,156.14299999999992,155.90499999999992,155.92599999999993,14228
2026-02-02T10:00:00+00:00,155.92599999999993,156.03699999999992,155.87499999999991,155.91399999999993,11633
2026-02-02T11:00:00+00:00,155.91399999999993,156.03299999999993,155.87399999999994,155.90199999999993,9800
2026-02-02T12:00:00+00:00,155.90199999999993,156.15899999999993,155.85899999999992,156.09299999999993,10715
2026-02-02T13:00:00+00:00,156.09299999999993,156.44999999999993,156.08699999999993,156.37799999999993,11508
2026-02-02T14:00:00+00:00,156.37799999999993,156.55199999999994,156.29599999999994,156.44899999999993,12990
2026-02-02T15:00:00+00:00,156.44899999999993,156.85499999999993,156.44899999999993,156.8209999999999,22420
2026-02-02T16:00:00+00:00,156.8209999999999,156.83399999999992,156.64399999999992,156.65699999999993,14604
2026-02-02T17:00:00+00:00,156.65699999999993,156.7079999999999,156.56899999999993,156.65999999999994,10101
2026-02-02T18:00:00+00:00,156.65999999999994,156.89299999999992,156.65399999999994,156.81599999999992,8129
2026-02-02T19:00:00+00:00,156.81599999999992,156.93799999999993,156.77399999999992,156.77799999999993,6869
2026-02-02T20:00:00+00:00,156.77799999999993,156.81899999999993,156.67699999999994,156.73899999999992,6234
2026-02-02T21:00:00+00:00,156.73899999999992,156.77499999999992,156.6779999999999,156.74999999999991,4898
2026-02-02T22:00:00+00:00,156.74999999999991,156.79499999999993,156.68099999999993,156.7009999999999,6650.041087185502
2026-02-02T23:00:00+00:00,156.7009999999999,156.7489999999999,156.57199999999992,156.62499999999991,5507
2026-02-03T00:00:00+00:00,156.62499999999991,156.75299999999993,156.5939999999999,156.62599999999992,14170
2026-02-03T01:00:00+00:00,156.62599999999992,156.77199999999993,156.56599999999992,156.62699999999992,12451
2026-02-03T02:00:00+00:00,156.62699999999992,156.70299999999992,156.53699999999992,156.69399999999993,10879
2026-02-03T03:00:00+00:00,156.69399999999993,156.7139999999999,156.55999999999992,156.63099999999991,9293
2026-02-03T04:00:00+00:00,156.63099999999991,156.66099999999992,156.44899999999993,156.5709999999999,7653
2026-02-03T05:00:00+00:00,156.5709999999999,156.63499999999993,156.49799999999993,156.58599999999993,6862
2026-02-03T06:00:00+00:00,156.58599999999993,156.63399999999993,156.51299999999992,156.5769999999999,8507
2026-02-03T07:00:00+00:00,156.5769999999999,156.6839999999999,156.46199999999993,156.5589999999999,10615
2026-02-03T08:00:00+00:00,156.5589999999999,156.73899999999992,156.52199999999993,156.6889999999999,13345
2026-02-03T09:00:00+00:00,156.6889999999999,157.0349999999999,156.6659999999999,157.02799999999993,13443
2026-02-03T10:00:00+00:00,157.02799999999993,157.10899999999992,156.9459999999999,157.0829999999999,8164
2026-02-03T11:00:00+00:00,157.0829999999999,157.1419999999999,157.03299999999993,157.1069999999999,7626
2026-02-03T12:00:00+00:00,157.1069999999999,157.11599999999993,157.00999999999993,157.03299999999993,8519
2026-02-03T13:00:00+00:00,157.03299999999993,157.0519999999999,156.92399999999992,157.0409999999999,8861
2026-02-03T14:00:00+00:00,157.0409999999999,157.24199999999993,156.9509999999999,157.01399999999992,13579
2026-02-03T15:00:00+00:00,157.01399999999992,157.08999999999992,156.86099999999993,156.87199999999993,15893
2026-02-03T16:00:00+00:00,156.87199999999993,156.93499999999992,156.8209999999999,156.86899999999991,10382
2026-02-03T17:00:00+00:00,156.86899999999991,156.88899999999992,156.68099999999993,156.87899999999993,9847
2026-02-03T18:00:00+00:00,156.87899999999993,156.95899999999992,156.75899999999993,156.8079999999999,8088
2026-02-03T19:00:00+00:00,156.8079999999999,156.96099999999993,156.80399999999992,156.9339999999999,6801
2026-02-03T20:00:00+00:00,156.9339999999999,156.96699999999993,156.85299999999992,156.88899999999992,6393
2026-02-03T21:00:00+00:00,156.88899999999992,156.94699999999992,156.85299999999992,156.8679999999999,5147
2026-02-03T22:00:00+00:00,156.8679999999999,157.0149999999999,156.8679999999999,156.94699999999992,1417.5969695363242
2026-02-03T23:00:00+00:00,156.94699999999992,157.0579999999999,156.8899999999999,157.0039999999999,3408
2026-02-04T00:00:00+00:00,157.0039999999999,157.2399999999999,157.0039999999999,157.2269999999999,9951
2026-02-04T01:00:00+00:00,157.2269999999999,157.3889999999999,157.2189999999999,157.3379999999999,10477
2026-02-04T02:00:00+00:00,157.3379999999999,157.4909999999999,157.3269999999999,157.4639999999999,6531
2026-02-04T03:00:00+00:00,157.4639999999999,157.5919999999999,157.4479999999999,157.5199999999999,6855
2026-02-04T04:00:00+00:00,157.5199999999999,157.5649999999999,157.4479999999999,157.4779999999999,4956
2026-02-04T05:00:00+00:00,157.4779999999999,157.5569999999999,157.4369999999999,157.5009999999999,6031
2026-02-04T06:00:00+00:00,157.5009999999999,157.5879999999999,157.4359999999999,157.5559999999999,7041
2026-02-04T07:00:00+00:00,157.5559999999999,157.6659999999999,157.5159999999999,157.6239999999999,7573
2026-02-04T08:00:00+00:00,157.6239999999999,157.6959999999999,157.5959999999999,157.6659999999999,8710
2026-02-04T09:00:00+00:00,157.6659999999999,157.8679999999999,157.5969999999999,157.8469999999999,8211
2026-02-04T10:00:00+00:00,157.8469999999999,158.00599999999991,157.8129999999999,157.9359999999999,7521
2026-02-04T11:00:00+00:00,157.9359999999999,158.0569999999999,157.9139999999999,158.0229999999999,8755
2026-02-04T12:00:00+00:00,158.0229999999999,158.0269999999999,157.7969999999999,157.82799999999992,7386
2026-02-04T13:00:00+00:00,157.82799999999992,157.9639999999999,157.66099999999992,157.6799999999999,13137
2026-02-04T14:00:00+00:00,157.6799999999999,157.7929999999999,157.6109999999999,157.6329999999999,16483
2026-02-04T15:00:00+00:00,157.6329999999999,157.9079999999999,157.54799999999992,157.8569999999999,18706
2026-02-04T16:00:00+00:00,157.8569999999999,157.9389999999999,157.7549999999999,157.8199999999999,11677
2026-02-04T17:00:00+00:00,157.8199999999999,157.8919999999999,157.6619999999999,157.8719999999999,12502
2026-02-04T18:00:00+00:00,157.8719999999999,157.9869999999999,157.8329999999999,157.9809999999999,7487
2026-02-04T19:00:00+00:00,157.9809999999999,158.0929999999999,157.9399999999999,158.0249999999999,8197
2026-02-04T20:00:00+00:00,158.0249999999999,158.1409999999999,158.0079999999999,158.1239999999999,6012
2026-02-04T21:00:00+00:00,158.1239999999999,158.1499999999999,158.0139999999999,158.0139999999999,6113
2026-02-04T22:00:00+00:00,158.0139999999999,158.0559999999999,157.9489999999999,158.0089999999999,6344.194482151337
2026-02-04T23:00:00+00:00,158.0089999999999,158.1399999999999,158.00099999999992,158.0999999999999,3885
2026-02-05T00:00:00+00:00,158.0999999999999,158.1809999999999,157.89999999999992,157.9809999999999,8854
2026-02-05T01:00:00+00:00,157.9809999999999,158.1399999999999,157.97699999999992,158.0589999999999,6758
2026-02-05T02:00:00+00:00,158.0589999999999,158.1659999999999,157.9799999999999,158.07799999999992,11238
2026-02-05T03:00:00+00:00,158.07799999999992,158.1109999999999,157.8779999999999,157.9909999999999,9495
2026-02-05T04:00:00+00:00,157.9909999999999,158.06699999999992,157.9899999999999,158.0089999999999,5020
2026-02-05T05:00:00+00:00,158.0089999999999,158.1829999999999,158.0079999999999,158.1749999999999,4056
2026-02-05T06:00:00+00:00,158.1749999999999,158.2589999999999,158.0469999999999,158.2049999999999,10964
2026-02-05T07:00:00+00:00,158.2049999999999,158.39399999999992,158.11399999999992,158.2969999999999,11551
2026-02-05T08:00:00+00:00,158.2969999999999,158.35799999999992,158.2009999999999,158.20399999999992,17999
2026-02-05T09:00:00+00:00,158.20399999999992,158.5339999999999,158.19799999999992,158.52499999999992,15009
2026-02-05T10:00:00+00:00,158.52499999999992,158.52999999999992,158.3599999999999,158.4399999999999,10326
2026-02-05T11:00:00+00:00,158.4399999999999,158.47699999999992,158.31699999999992,158.34599999999992,9746
2026-02-05T12:00:00+00:00,158.34599999999992,158.48299999999992,158.0579999999999,158.1449999999999,29398
2026-02-05T13:00:00+00:00,158.1449999999999,158.1479999999999,157.7229999999999,157.7899999999999,27963
2026-02-05T14:00:00+00:00,157.7899999999999,158.11899999999991,157.7899999999999,158.0699999999999,25728
2026-02-05T15:00:00+00:00,158.0699999999999,158.07199999999992,157.7419999999999,158.03099999999992,30083
2026-02-05T16:00:00+00:00,158.03099999999992,158.2169999999999,157.9909999999999,158.1109999999999,13665
2026-02-05T17:00:00+00:00,158.1109999999999,158.1299999999999,157.9969999999999,157.9989999999999,7258
2026-02-05T18:00:00+00:00,157.9989999999999,158.10199999999992,157.96499999999992,158.04299999999992,5428
2026-02-05T19:00:00+00:00,158.04299999999992,158.1089999999999,157.9919999999999,158.0929999999999,4377
2026-02-05T20:00:00+00:00,158.0929999999999,158.2479999999999,158.0709999999999,158.2419999999999,4638
2026-02-05T21:00:00+00:00,158.2419999999999,158.2909999999999,158.18599999999992,158.22099999999992,4502
2026-02-05T22:00:00+00:00,158.22099999999992,158.30699999999993,158.03499999999994,158.13199999999992,1519.5044597748758
2026-02-05T23:00:00+00:00,158.13199999999992,158.15499999999994,157.82099999999994,157.90899999999993,7988
2026-02-06T00:00:00+00:00,157.90899999999993,157.94099999999995,157.69399999999993,157.75499999999994,20937
2026-02-06T01:00:00+00:00,157.75499999999994,157.89599999999993,157.61499999999992,157.76599999999993,17042
2026-02-06T02:00:00+00:00,157.76599999999993,157.93699999999993,157.75899999999993,157.83999999999995,8797
2026-02-06T03:00:00+00:00,157.83999999999995,157.87599999999992,157.78499999999994,157.84199999999993,5815
2026-02-06T04:00:00+00:00,157.84199999999993,157.85899999999992,157.73399999999992,157.75199999999992,5932
2026-02-06T05:00:00+00:00,157.75199999999992,157.87599999999992,157.69899999999993,157.86499999999992,7153
2026-02-06T06:00:00+00:00,157.86499999999992,158.00999999999993,157.86399999999995,157.89299999999994,10434
2026-02-06T07:00:00+00:00,157.89299999999994,157.99799999999993,157.77699999999993,157.99599999999992,9303
2026-02-06T08:00:00+00:00,157.99599999999992,158.09699999999992,157.89899999999994,158.09699999999992,11470
2026-02-06T09:00:00+00:00,158.09699999999992,158.18099999999993,158.07899999999992,158.15699999999993,8514
2026-02-06T10:00:00+00:00,158.15699999999993,158.18499999999995,158.01199999999994,158.06599999999995,5575
2026-02-06T11:00:00+00:00,158.06599999999995,158.25999999999993,158.05599999999993,158.15099999999993,7590
2026-02-06T12:00:00+00:00,158.15099999999993,158.24199999999993,158.09899999999993,158.18499999999995,6083
2026-02-06T13:00:00+00:00,158.18499999999995,158.23199999999994,158.00599999999994,158.04099999999994,8033
2026-02-06T14:00:00+00:00,158.04099999999994,158.06199999999993,157.88799999999992,157.96099999999993,10084
2026-02-06T15:00:00+00:00,157.96099999999993,158.21899999999994,157.94099999999995,157.94499999999994,13960
2026-02-06T16:00:00+00:00,157.94499999999994,158.22199999999992,157.94199999999992,158.20699999999994,9401
2026-02-06T17:00:00+00:00,158.20699999999994,158.23799999999994,158.09799999999993,158.15799999999993,5545
2026-02-06T18:00:00+00:00,158.15799999999993,158.21699999999993,158.10499999999993,158.19199999999992,4588
2026-02-06T19:00:00+00:00,158.19199999999992,158.24099999999993,158.17799999999994,158.20899999999995,3668
2026-02-06T20:00:00+00:00,158.20899999999995,158.24699999999993,158.17799999999994,158.20799999999994,3968
2026-02-06T21:00:00+00:00,158.20799999999994,158.36699999999993,158.20099999999994,158.28699999999992,3749
2026-02-08T22:00:00+00:00,158.28699999999992,158.30299999999994,157.73999999999992,158.18599999999995,4748.692958422297
2026-02-08T23:00:00+00:00,158.18599999999995,158.44299999999996,157.86399999999995,158.03099999999995,14672
2026-02-09T00:00:00+00:00,158.03099999999995,158.07199999999995,157.44199999999995,157.66499999999996,32259
2026-02-09T01:00:00+00:00,157.66499999999996,157.68999999999994,156.98599999999996,157.40899999999996,26824
2026-02-09T02:00:00+00:00,157.40899999999996,157.71499999999995,157.40399999999994,157.61499999999995,11967
2026-02-09T03:00:00+00:00,157.61499999999995,157.69899999999996,157.54899999999995,157.64899999999994,8987
2026-02-09T04:00:00+00:00,157.64899999999994,157.66399999999996,157.43099999999995,157.47299999999996,8536
2026-02-09T05:00:00+00:00,157.47299999999996,157.48999999999995,157.30399999999995,157.39399999999995,7056
2026-02-09T06:00:00+00:00,157.39399999999995,157.39399999999995,157.07199999999995,157.30299999999994,19848
2026-02-09T07:00:00+00:00,157.30299999999994,157.46399999999994,157.08199999999994,157.37899999999996,15852
2026-02-09T08:00:00+00:00,157.37899999999996,157.56299999999996,157.33999999999995,157.37299999999996,19711
2026-02-09T09:00:00+00:00,157.37299999999996,157.48199999999994,157.17099999999994,157.42499999999995,22547
2026-02-09T10:00:00+00:00,157.42499999999995,157.52599999999995,157.35099999999994,157.46299999999994,25035
2026-02-09T11:00:00+00:00,157.46299999999994,157.53099999999995,157.19599999999994,157.24999999999994,22920
2026-02-09T12:00:00+00:00,157.24999999999994,157.33999999999995,157.11999999999995,157.16199999999995,14313
2026-02-09T13:00:00+00:00,157.16199999999995,157.17499999999995,156.69099999999995,156.71199999999996,21035
2026-02-09T14:00:00+00:00,156.71199999999996,156.72499999999994,156.30299999999994,156.38899999999995,22402
2026-02-09T15:00:00+00:00,156.38899999999995,156.67199999999994,156.35099999999994,156.63299999999995,15569
2026-02-09T16:00:00+00:00,156.63299999999995,156.92599999999996,156.61399999999995,156.87099999999995,9682
2026-02-09T17:00:00+00:00,156.87099999999995,156.92099999999994,156.73799999999994,156.74699999999996,5676
2026-02-09T18:00:00+00:00,156.74699999999996,156.81299999999996,156.67999999999995,156.68899999999994,5836
2026-02-09T19:00:00+00:00,156.68899999999994,156.72499999999994,156.41899999999995,156.49299999999994,5994
2026-02-09T20:00:00+00:00,156.49299999999994,156.66999999999996,156.49199999999996,156.65899999999996,4433
2026-02-09T21:00:00+00:00,156.65899999999996,156.71099999999996,156.63399999999996,156.64999999999995,3287
2026-02-09T22:00:00+00:00,156.64999999999995,156.78199999999995,156.41699999999997,156.43800000000002,3136.7131336675548
2026-02-09T23:00:00+00:00,156.43800000000002,156.776,156.43500000000003,156.75600000000003,3795
2026-02-10T00:00:00+00:00,156.75600000000003,156.92300000000003,156.59400000000002,156.61200000000002,11278
2026-02-10T01:00:00+00:00,156.61200000000002,156.69100000000003,156.30100000000002,156.36100000000002,13566
2026-02-10T02:00:00+00:00,156.36100000000002,156.46200000000002,155.99400000000003,156.002,10503
2026-02-10T03:00:00+00:00,156.002,156.02700000000002,155.77900000000002,155.95700000000002,10320
2026-02-10T04:00:00+00:00,155.95700000000002,155.99400000000003,155.769,155.894,7754
2026-02-10T05:00:00+00:00,155.894,155.954,155.71500000000003,155.93500000000003,7372
2026-02-10T06:00:00+00:00,155.93500000000003,156.07800000000003,155.907,156.04000000000002,9222
2026-02-10T07:00:00+00:00,156.04000000000002,156.23900000000003,155.91600000000003,156.19100000000003,9352
2026-02-10T08:00:00+00:00,156.19100000000003,156.26500000000001,156.121,156.18300000000002,9938
2026-02-10T09:00:00+00:00,156.18300000000002,156.18300000000002,155.87900000000002,155.91500000000002,10141
2026-02-10T10:00:00+00:00,155.91500000000002,155.91500000000002,155.67800000000003,155.769,9291
2026-02-10T11:00:00+00:00,155.769,155.93300000000002,155.73900000000003,155.9,6321
2026-02-10T12:00:00+00:00,155.9,155.937,155.698,155.805,11207
2026-02-10T13:00:00+00:00,155.805,155.85800000000003,155.36,155.39000000000001,21356
2026-02-10T14:00:00+00:00,155.39000000000001,155.42800000000003,154.842,155.01700000000002,25400
2026-02-10T15:00:00+00:00,155.01700000000002,155.09500000000003,154.69700000000003,154.842,25661
2026-02-10T16:00:00+00:00,154.842,154.95700000000002,154.68200000000002,154.913,15534
2026-02-10T17:00:00+00:00,154.913,155.049,154.78600000000003,155.01000000000002,7385
2026-02-10T18:00:00+00:00,155.01000000000002,155.174,154.99800000000002,155.13000000000002,6453
2026-02-10T19:00:00+00:00,155.13000000000002,155.216,154.93200000000002,154.94600000000003,5777
2026-02-10T20:00:00+00:00,154.94600000000003,154.99800000000002,154.87300000000002,154.97500000000002,4700
2026-02-10T21:00:00+00:00,154.97500000000002,155.07000000000002,154.948,155.002,2877
2026-02-10T22:00:00+00:00,155.002,155.15400000000002,154.96200000000002,155.14500000000004,1591.3099286779682
2026-02-10T23:00:00+00:00,155.14500000000004,155.27100000000002,155.13100000000003,155.26200000000003,2592
2026-02-11T00:00:00+00:00,155.26200000000003,155.28000000000003,154.75700000000003,154.80900000000003,10756
2026-02-11T01:00:00+00:00,154.80900000000003,154.82900000000004,154.59600000000003,154.741,11188
2026-02-11T02:00:00+00:00,154.741,154.741,154.37400000000002,154.37500000000003,11250
2026-02-11T03:00:00+00:00,154.37500000000003,154.49400000000003,154.306,154.32000000000002,8345
2026-02-11T04:00:00+00:00,154.32000000000002,154.34500000000003,154.02500000000003,154.074,7673
2026-02-11T05:00:00+00:00,154.074,154.15600000000003,153.75800000000004,153.80300000000003,10283
2026-02-11T06:00:00+00:00,153.80300000000003,153.94700000000003,153.55800000000002,153.90800000000002,15141
2026-02-11T07:00:00+00:00,153.90800000000002,154.08400000000003,153.84600000000003,153.86900000000003,13250
2026-02-11T08:00:00+00:00,153.86900000000003,154.07700000000003,153.78500000000003,153.90900000000002,17949
2026-02-11T09:00:00+00:00,153.90900000000002,154.16700000000003,153.86700000000002,153.96900000000002,12174
2026-02-11T10:00:00+00:00,153.96900000000002,154.09500000000003,153.93800000000002,154.07100000000003,9906
2026-02-11T11:00:00+00:00,154.07100000000003,154.28500000000003,154.07100000000003,154.25700000000003,9069
2026-02-11T12:00:00+00:00,154.25700000000003,154.42400000000004,154.229,154.35900000000004,11465
2026-02-11T13:00:00+00:00,154.35900000000004,155.413,153.58200000000002,154.59600000000003,62509
2026-02-11T14:00:00+00:00,154.59600000000003,154.72500000000002,154.10100000000003,154.21200000000002,48799
2026-02-11T15:00:00+00:00,154.21200000000002,154.449,153.93200000000002,154.38100000000003,25569
2026-02-11T16:00:00+00:00,154.38100000000003,154.44800000000004,153.69400000000002,153.699,16899
2026-02-11T17:00:00+00:00,153.699,153.78400000000002,153.312,153.59000000000003,20367
2026-02-11T18:00:00+00:00,153.59000000000003,153.72600000000003,153.32500000000002,153.47600000000003,12283
2026-02-11T19:00:00+00:00,153.47600000000003,153.70800000000003,153.47600000000003,153.70800000000003,9205
2026-02-11T20:00:00+00:00,153.70800000000003,154.01600000000002,153.68300000000002,153.97800000000004,7214
2026-02-11T21:00:00+00:00,153.97800000000004,154.074,153.96300000000002,153.98700000000002,4314
2026-02-11T22:00:00+00:00,153.98700000000002,153.98700000000002,153.68500000000006,153.757,2624.4020864803224
2026-02-11T23:00:00+00:00,153.757,153.941,153.734,153.923,4391
2026-02-12T00:00:00+00:00,153.923,154.103,153.745,153.76500000000001,17262
2026-02-12T01:00:00+00:00,153.76500000000001,153.821,153.446,153.50900000000001,18595
2026-02-12T02:00:00+00:00,153.50900000000001,153.552,153.173,153.196,14280
2026-02-12T03:00:00+00:00,153.196,153.299,152.925,153.217,15853
2026-02-12T04:00:00+00:00,153.217,153.512,153.086,153.512,13002
2026-02-12T05:00:00+00:00,153.512,153.847,153.476,153.758,12282
2026-02-12T06:00:00+00:00,153.758,154.20600000000002,153.601,153.969,29202
2026-02-12T07:00:00+00:00,153.969,154.01000000000002,153.514,153.689,16721
2026-02-12T08:00:00+00:00,153.689,153.726,153.46800000000002,153.57500000000002,16978
2026-02-12T09:00:00+00:00,153.57500000000002,153.67000000000002,153.457,153.568,16185
2026-02-12T10:00:00+00:00,153.568,153.773,153.556,153.773,12129
2026-02-12T11:00:00+00:00,153.773,153.99,153.69400000000002,153.967,8610
2026-02-12T12:00:00+00:00,153.967,154.417,153.933,154.323,14635
2026-02-12T13:00:00+00:00,154.323,154.37900000000002,153.87900000000002,153.921,16211
2026-02-12T14:00:00+00:00,153.921,154.053,153.61,153.68200000000002,21422
2026-02-12T15:00:00+00:00,153.68200000000002,153.721,153.281,153.306,21808
2026-02-12T16:00:00+00:00,153.306,153.472,153.019,153.309,40798
2026-02-12T17:00:00+00:00,153.309,153.544,153.205,153.511,20235
2026-02-12T18:00:00+00:00,153.511,153.631,153.404,153.59,13798
2026-02-12T19:00:00+00:00,153.59,153.648,153.52800000000002,153.556,7300
2026-02-12T20:00:00+00:00,153.556,153.585,153.34300000000002,153.344,6763
2026-02-12T21:00:00+00:00,153.344,153.44400000000002,153.323,153.365,4202
2026-02-12T22:00:00+00:00,153.365,153.48700000000002,153.346,153.40400000000002,4030.675460337424
2026-02-12T23:00:00+00:00,153.40400000000002,153.59900000000002,153.38500000000002,153.51300000000003,5448
2026-02-13T00:00:00+00:00,153.51300000000003,153.68600000000004,153.45700000000002,153.491,17754
2026-02-13T01:00:00+00:00,153.491,154.07300000000004,153.48600000000002,153.99,16095
2026-02-13T02:00:00+00:00,153.99,154.03600000000003,153.77400000000003,153.88100000000003,7918
2026-02-13T03:00:00+00:00,153.88100000000003,153.883,153.56700000000004,153.67700000000002,8558
2026-02-13T04:00:00+00:00,153.67700000000002,153.98200000000003,153.57100000000003,153.97600000000003,7936
2026-02-13T05:00:00+00:00,153.97600000000003,154.12400000000002,153.79300000000003,154.01900000000003,10450
2026-02-13T06:00:00+00:00,154.01900000000003,154.14000000000001,153.83900000000003,154.127,12508
2026-02-13T07:00:00+00:00,154.127,154.32200000000003,154.04600000000002,154.121,13242
2026-02-13T08:00:00+00:00,154.121,154.38000000000002,154.08900000000003,154.306,14545
2026-02-13T09:00:00+00:00,154.306,154.39100000000002,154.17600000000002,154.23400000000004,9859
2026-02-13T10:00:00+00:00,154.23400000000004,154.318,154.163,154.16700000000003,8943
2026-02-13T11:00:00+00:00,154.16700000000003,154.19200000000004,153.95800000000003,154.086,11633
2026-02-13T12:00:00+00:00,154.086,154.12000000000003,153.96400000000003,153.97200000000004,11473
2026-02-13T13:00:00+00:00,153.97200000000004,154.06400000000002,153.63700000000003,153.79300000000003,29144
2026-02-13T14:00:00+00:00,153.79300000000003,153.85000000000002,153.51000000000002,153.76700000000002,30503
2026-02-13T15:00:00+00:00,153.76700000000002,153.87500000000003,153.63000000000002,153.85700000000003,24125
2026-02-13T16:00:00+00:00,153.85700000000003,153.95200000000003,153.467,153.514,15015
2026-02-13T17:00:00+00:00,153.514,153.59500000000003,153.31900000000002,153.532,8934
2026-02-13T18:00:00+00:00,153.532,153.61400000000003,153.48600000000002,153.55800000000002,5176
2026-02-13T19:00:00+00:00,153.55800000000002,153.58200000000002,153.455,153.50600000000003,4652
2026-02-13T20:00:00+00:00,153.50600000000003,153.568,153.389,153.48200000000003,6091
2026-02-13T21:00:00+00:00,153.48200000000003,153.496,153.35100000000003,153.369,2997.322322053048
2026-02-15T22:00:00+00:00,153.369,153.506,153.27000000000004,153.34700000000004,2003.7782411710193
2026-02-15T23:00:00+00:00,153.34700000000004,153.54800000000006,153.33000000000004,153.48500000000004,6462
2026-02-16T00:00:00+00:00,153.48500000000004,153.80000000000004,153.45300000000003,153.78700000000003,13179
2026-02-16T01:00:00+00:00,153.78700000000003,153.85300000000004,153.65200000000004,153.71000000000004,8512
2026-02-16T02:00:00+00:00,153.71000000000004,153.80100000000004,153.65900000000005,153.70000000000005,5105
2026-02-16T03:00:00+00:00,153.70000000000005,153.79200000000006,153.68400000000005,153.75700000000003,4550
2026-02-16T04:00:00+00:00,153.75700000000003,153.93700000000004,153.67400000000004,153.92200000000005,5702
2026-02-16T05:00:00+00:00,153.92200000000005,153.93400000000005,153.83500000000004,153.88500000000005,4319
2026-02-16T06:00:00+00:00,153.88500000000005,153.91400000000004,153.76700000000005,153.82500000000005,4262
2026-02-16T07:00:00+00:00,153.82500000000005,154.07600000000005,153.82100000000005,154.03200000000004,6792
2026-02-16T08:00:00+00:00,154.03200000000004,154.14900000000006,153.90100000000004,154.03300000000004,10745
2026-02-16T09:00:00+00:00,154.03300000000004,154.30300000000005,153.98600000000005,154.25700000000003,7992
2026-02-16T10:00:00+00:00,154.25700000000003,154.32500000000005,154.20700000000005,154.21400000000006,6967
2026-02-16T11:00:00+00:00,154.21400000000006,154.24100000000004,154.04700000000005,154.05800000000005,5446
2026-02-16T12:00:00+00:00,154.05800000000005,154.10200000000003,154.01200000000006,154.06100000000004,5646
2026-02-16T13:00:00+00:00,154.06100000000004,154.13800000000003,153.98500000000004,154.02300000000005,6359
2026-02-16T14:00:00+00:00,154.02300000000005,154.08300000000006,153.94200000000004,154.04500000000004,6407
2026-02-16T15:00:00+00:00,154.04500000000004,154.16700000000006,153.98500000000004,154.15100000000004,6056
2026-02-16T16:00:00+00:00,154.15100000000004,154.26300000000003,154.09300000000005,154.17800000000005,5515
2026-02-16T17:00:00+00:00,154.17800000000005,154.25500000000005,154.14500000000004,154.15900000000005,2569
2026-02-16T18:00:00+00:00,154.15900000000005,154.21300000000005,154.14800000000005,154.19800000000006,1343.1331111578008
2026-02-16T19:00:00+00:00,154.19800000000006,154.22200000000007,154.16400000000007,154.1780000000001,947.2318999009944
2026-02-16T20:00:00+00:00,154.1780000000001,154.2050000000001,154.1470000000001,154.2050000000001,1177
2026-02-16T21:00:00+00:00,154.2050000000001,154.23500000000007,154.19400000000007,154.21200000000007,1045.4302287007906
2026-02-16T22:00:00+00:00,154.21200000000007,154.22699999999998,154.13800000000006,154.21299999999997,567.1875988429945
2026-02-16T23:00:00+00:00,154.21299999999997,154.46099999999996,154.20599999999996,154.26299999999995,5015
2026-02-17T00:00:00+00:00,154.26299999999995,154.28999999999996,153.86899999999997,153.89099999999996,18194
2026-02-17T01:00:00+00:00,153.89099999999996,154.10199999999995,153.83699999999996,153.85199999999995,14444
2026-02-17T02:00:00+00:00,153.85199999999995,153.96599999999995,153.75699999999995,153.84099999999995,10090
2026-02-17T03:00:00+00:00,153.84099999999995,153.89099999999996,153.72799999999995,153.88399999999996,9124
2026-02-17T04:00:00+00:00,153.88399999999996,153.92899999999997,153.69599999999997,153.79399999999995,9390
2026-02-17T05:00:00+00:00,153.79399999999995,153.85899999999995,153.60299999999995,153.66099999999997,12633
2026-02-17T06:00:00+00:00,153.66099999999997,153.67499999999995,153.54999999999995,153.66199999999995,9924
2026-02-17T07:00:00+00:00,153.66199999999995,153.81599999999997,153.53399999999996,153.78999999999996,12310
2026-02-17T08:00:00+00:00,153.78999999999996,153.88699999999997,153.42699999999996,153.42899999999997,13954
2026-02-17T09:00:00+00:00,153.42899999999997,153.64999999999995,153.40699999999995,153.61099999999996,8639
2026-02-17T10:00:00+00:00,153.61099999999996,153.80099999999996,153.55599999999995,153.69799999999995,7563
2026-02-17T11:00:00+00:00,153.69799999999995,153.88899999999995,153.65899999999996,153.83599999999996,8773
2026-02-17T12:00:00+00:00,153.83599999999996,153.89399999999995,153.76799999999997,153.77199999999996,9920
2026-02-17T13:00:00+00:00,153.77199999999996,154.09599999999995,153.72999999999996,153.98499999999996,19137
2026-02-17T14:00:00+00:00,153.98499999999996,154.23799999999997,153.97699999999995,154.15899999999996,19697
2026-02-17T15:00:00+00:00,154.15899999999996,154.63299999999995,154.15399999999997,154.50499999999997,22723
2026-02-17T16:00:00+00:00,154.50499999999997,154.55099999999996,154.20299999999997,154.27599999999995,14248
2026-02-17T17:00:00+00:00,154.27599999999995,154.28899999999996,154.14099999999996,154.17599999999996,8394
2026-02-17T18:00:00+00:00,154.17599999999996,154.19099999999997,154.01099999999997,154.06099999999995,5534
2026-02-17T19:00:00+00:00,154.06099999999995,154.10499999999996,153.93799999999996,153.96199999999996,5324
2026-02-17T20:00:00+00:00,153.96199999999996,154.00799999999995,153.88899999999995,153.99499999999995,4091
2026-02-17T21:00:00+00:00,153.99499999999995,154.00999999999996,153.93299999999996,153.95999999999995,2725
2026-02-17T22:00:00+00:00,153.95999999999995,154.05099999999996,153.8529999999999,153.92599999999993,1791.886328302742
2026-02-17T23:00:00+00:00,153.92599999999993,153.97999999999993,153.77899999999994,153.80699999999993,4032
2026-02-18T00:00:00+00:00,153.80699999999993,153.98099999999994,153.74499999999992,153.90299999999993,12964
2026-02-18T01:00:00+00:00,153.90299999999993,154.13899999999992,153.89899999999994,154.11699999999993,8063
2026-02-18T02:00:00+00:00,154.11699999999993,154.37899999999993,154.11699999999993,154.19299999999993,6461
2026-02-18T03:00:00+00:00,154.19299999999993,154.27899999999994,154.14299999999994,154.27899999999994,5344
2026-02-18T04:00:00+00:00,154.27899999999994,154.29599999999994,154.18699999999993,154.27399999999994,5239
2026-02-18T05:00:00+00:00,154.27399999999994,154.29199999999994,154.12999999999994,154.13499999999993,4339
2026-02-18T06:00:00+00:00,154.13499999999993,154.20799999999994,154.06599999999992,154.09899999999993,6329
2026-02-18T07:00:00+00:00,154.09899999999993,154.39199999999994,154.09299999999993,154.34599999999992,7744
2026-02-18T08:00:00+00:00,154.34599999999992,154.46999999999994,154.25099999999992,154.39799999999994,9407
2026-02-18T09:00:00+00:00,154.39799999999994,154.47499999999994,154.32099999999994,154.40699999999993,5974
2026-02-18T10:00:00+00:00,154.40699999999993,154.53399999999993,154.37299999999993,154.48699999999994,6028
2026-02-18T11:00:00+00:00,154.48699999999994,154.49299999999994,154.33099999999993,154.38599999999994,4646
2026-02-18T12:00:00+00:00,154.38599999999994,154.47699999999992,154.22799999999992,154.36199999999994,8125
2026-02-18T13:00:00+00:00,154.36199999999994,154.62099999999992,154.28999999999994,154.61999999999992,14295
2026-02-18T14:00:00+00:00,154.61999999999992,155.11899999999994,154.59199999999993,155.05299999999994,19582
2026-02-18T15:00:00+00:00,155.05299999999994,155.11099999999993,154.92199999999994,154.95999999999992,13302
2026-02-18T16:00:00+00:00,154.95999999999992,155.16499999999994,154.91099999999994,155.13099999999994,7413
2026-02-18T17:00:00+00:00,155.13099999999994,155.28299999999993,155.08999999999992,155.20799999999994,5754
2026-02-18T18:00:00+00:00,155.20799999999994,155.47099999999992,155.20099999999994,155.40199999999993,6799
2026-02-18T19:00:00+00:00,155.40199999999993,155.54599999999994,155.00999999999993,155.39799999999994,16949
2026-02-18T20:00:00+00:00,155.39799999999994,155.51199999999994,155.37499999999994,155.49399999999994,6223
2026-02-18T21:00:00+00:00,155.49399999999994,155.52899999999994,155.44099999999992,155.44099999999992,2592
2026-02-18T22:00:00+00:00,155.44099999999992,155.46599999999992,155.39099999999993,155.40199999999993,1265
2026-02-18T23:00:00+00:00,155.40199999999993,155.46899999999994,155.35899999999992,155.35899999999992,3362
2026-02-19T00:00:00+00:00,155.35899999999992,155.51499999999993,155.29499999999993,155.40899999999993,12561
2026-02-19T01:00:00+00:00,155.40899999999993,155.65999999999994,155.33099999999993,155.62799999999993,10213
2026-02-19T02:00:00+00:00,155.62799999999993,155.72299999999993,155.43099999999993,155.67499999999993,9714
2026-02-19T03:00:00+00:00,155.67499999999993,155.94299999999993,155.60399999999993,155.81599999999992,10518
2026-02-19T04:00:00+00:00,155.81599999999992,155.97299999999993,155.77599999999993,155.79699999999994,8476
2026-02-19T05:00:00+00:00,155.79699999999994,156.00699999999992,155.77799999999993,155.97999999999993,9135
2026-02-19T06:00:00+00:00,155.97999999999993,156.01999999999995,155.63699999999994,155.74599999999995,9845
2026-02-19T07:00:00+00:00,155.74599999999995,155.86899999999994,155.60999999999993,155.65399999999994,8901
2026-02-19T08:00:00+00:00,155.65399999999994,155.70399999999995,155.37299999999996,155.48399999999998,14355
2026-02-19T09:00:00+00:00,155.48399999999998,155.64599999999996,155.42299999999997,155.47799999999998,8585
2026-02-19T10:00:00+00:00,155.47799999999998,155.52399999999997,155.332,155.377,7396
2026-02-19T11:00:00+00:00,155.377,155.393,155.245,155.297,7406
2026-02-19T12:00:00+00:00,155.297,155.484,155.212,155.47299999999998,8414
2026-02-19T13:00:00+00:00,155.47299999999998,155.714,155.464,155.58599999999998,13307
2026-02-19T14:00:00+00:00,155.58599999999998,155.953,155.564,155.88700000000003,19224
2026-02-19T15:00:00+00:00,155.88700000000003,155.935,155.62500000000003,155.668,19534
2026-02-19T16:00:00+00:00,155.668,155.68200000000002,155.52900000000002,155.63500000000002,11379
2026-02-19T17:00:00+00:00,155.63500000000002,155.70200000000003,155.59300000000002,155.68900000000002,6421
2026-02-19T18:00:00+00:00,155.68900000000002,155.697,155.50000000000003,155.54600000000002,5425
2026-02-19T19:00:00+00:00,155.54600000000002,155.80300000000003,155.501,155.752,5574
2026-02-19T20:00:00+00:00,155.752,155.79100000000003,155.67600000000002,155.75600000000003,3214
2026-02-19T21:00:00+00:00,155.75600000000003,155.77700000000002,155.62400000000002,155.669,4218
2026-02-19T22:00:00+00:00,155.669,155.72700000000006,155.544,155.62500000000003,2435.9807842500804
2026-02-19T23:00:00+00:00,155.62500000000003,155.882,155.59900000000002,155.86700000000002,3962
2026-02-20T00:00:00+00:00,155.86700000000002,155.91000000000003,155.567,155.739,13417
2026-02-20T01:00:00+00:00,155.739,155.985,155.63700000000003,155.81300000000002,13454
2026-02-20T02:00:00+00:00,155.81300000000002,155.906,155.723,155.872,7756
2026-02-20T03:00:00+00:00,155.872,155.882,155.763,155.81300000000002,3777
2026-02-20T04:00:00+00:00,155.81300000000002,155.89200000000002,155.741,155.87900000000002,5234
2026-02-20T05:00:00+00:00,155.87900000000002,156.03900000000002,155.84400000000002,155.961,8348
2026-02-20T06:00:00+00:00,155.961,156.04700000000003,155.816,155.83300000000003,9085
2026-02-20T07:00:00+00:00,155.83300000000003,156.175,155.61900000000003,156.16700000000003,11790
2026-02-20T08:00:00+00:00,156.16700000000003,156.27200000000002,155.965,156.22400000000002,13061
2026-02-20T09:00:00+00:00,156.22400000000002,156.31300000000002,156.037,156.06500000000003,10133
2026-02-20T10:00:00+00:00,156.06500000000003,156.10500000000002,155.83,155.847,7376
2026-02-20T11:00:00+00:00,155.847,155.94600000000003,155.79500000000002,155.89700000000002,6660
2026-02-20T12:00:00+00:00,155.89700000000002,155.98800000000003,155.848,155.92200000000003,7905
2026-02-20T13:00:00+00:00,155.92200000000003,156.122,155.71,156.08800000000002,14731
2026-02-20T14:00:00+00:00,156.08800000000002,156.209,155.983,156.05400000000003,12906
2026-02-20T15:00:00+00:00,156.05400000000003,156.203,155.44000000000003,155.525,56919
2026-02-20T16:00:00+00:00,155.525,155.76500000000001,155.38400000000001,155.65900000000002,17980
2026-02-20T17:00:00+00:00,155.65900000000002,155.87800000000001,155.60500000000002,155.66500000000002,12691
2026-02-20T18:00:00+00:00,155.66500000000002,155.74800000000002,155.48000000000002,155.692,18116
2026-02-20T19:00:00+00:00,155.692,155.85600000000002,155.633,155.799,7770
2026-02-20T20:00:00+00:00,155.799,155.83700000000002,155.65500000000003,155.73600000000002,4243
2026-02-20T21:00:00+00:00,155.73600000000002,155.74800000000002,155.62,155.70000000000005,3869.605583392985
2026-02-22T22:00:00+00:00,155.70000000000005,155.95100000000016,155.70000000000005,155.90600000000015,2108.7303554068103
2026-02-22T23:00:00+00:00,155.90600000000015,155.92500000000015,155.31300000000016,155.34100000000015,8679
2026-02-23T00:00:00+00:00,155.34100000000015,155.46800000000016,155.05200000000016,155.05400000000014,14221
2026-02-23T01:00:00+00:00,155.05400000000014,155.27900000000017,154.99300000000017,155.21300000000016,13541
2026-02-23T02:00:00+00:00,155.21300000000016,155.27100000000016,155.07000000000016,155.21100000000015,10626
2026-02-23T03:00:00+00:00,155.21100000000015,155.42800000000017,155.21100000000015,155.25500000000017,6625
2026-02-23T04:00:00+00:00,155.25500000000017,155.44300000000015,155.22000000000017,155.38900000000015,5929
2026-02-23T05:00:00+00:00,155.38900000000015,155.48800000000017,155.38300000000015,155.43400000000017,5143
2026-02-23T06:00:00+00:00,155.43400000000017,155.49400000000017,155.22200000000015,155.46400000000017,7345
2026-02-23T07:00:00+00:00,155.46400000000017,155.60600000000017,155.45300000000015,155.47800000000015,11798
2026-02-23T08:00:00+00:00,155.47800000000015,155.78000000000014,155.45300000000015,155.71700000000016,13265
2026-02-23T09:00:00+00:00,155.71700000000016,155.86100000000016,155.62100000000015,155.80700000000016,8216
2026-02-23T10:00:00+00:00,155.80700000000016,155.88900000000015,155.75200000000015,155.78700000000015,7082
2026-02-23T11:00:00+00:00,155.78700000000015,155.94300000000015,155.75300000000016,155.92200000000017,7672
2026-02-23T12:00:00+00:00,155.92200000000017,156.04300000000015,155.84700000000015,155.89800000000017,10709
2026-02-23T13:00:00+00:00,155.89800000000017,155.95000000000016,155.56200000000015,155.61900000000017,13484
2026-02-23T14:00:00+00:00,155.61900000000017,155.82500000000016,155.53800000000015,155.53900000000016,15252
2026-02-23T15:00:00+00:00,155.53900000000016,155.55000000000015,155.35300000000015,155.42400000000015,16944
2026-02-23T16:00:00+00:00,155.42400000000015,155.47300000000016,155.27100000000016,155.30000000000015,12074
2026-02-23T17:00:00+00:00,155.30000000000015,155.41100000000014,155.21800000000016,155.38900000000015,7121
2026-02-23T18:00:00+00:00,155.38900000000015,155.64100000000016,155.38800000000015,155.49400000000017,6324
2026-02-23T19:00:00+00:00,155.49400000000017,155.66700000000014,155.47900000000016,155.61500000000015,5006
2026-02-23T20:00:00+00:00,155.61500000000015,155.72100000000015,155.60000000000016,155.70800000000017,3646
2026-02-23T21:00:00+00:00,155.70800000000017,155.76400000000015,155.63500000000016,155.64300000000014,3448
2026-02-23T22:00:00+00:00,155.64300000000014,155.73900000000015,155.63700000000023,155.69200000000023,3155.698285309475
2026-02-23T23:00:00+00:00,155.69200000000023,155.78800000000024,155.60900000000024,155.74500000000023,4731
2026-02-24T00:00:00+00:00,155.74500000000023,155.95600000000024,155.70900000000023,155.95000000000024,10994
2026-02-24T01:00:00+00:00,155.95000000000024,156.22300000000024,155.93200000000024,156.05700000000024,12438
2026-02-24T02:00:00+00:00,156.05700000000024,156.19200000000023,155.95700000000025,155.99600000000024,9492
2026-02-24T03:00:00+00:00,155.99600000000024,156.20800000000023,155.95000000000024,156.20200000000023,6254
2026-02-24T04:00:00+00:00,156.20200000000023,156.39900000000023,156.15800000000024,156.33100000000024,7713
2026-02-24T05:00:00+00:00,156.33100000000024,156.39300000000023,156.25000000000023,156.25200000000024,7242
2026-02-24T06:00:00+00:00,156.25200000000024,156.27500000000023,156.05400000000023,156.05900000000022,8546
2026-02-24T07:00:00+00:00,156.05900000000022,157.25500000000022,156.03000000000023,157.18200000000024,31685
2026-02-24T08:00:00+00:00,157.18200000000024,157.36600000000024,156.99300000000022,157.03300000000024,20380
2026-02-24T09:00:00+00:00,157.03300000000024,157.06400000000025,156.81700000000023,156.94100000000023,10434
2026-02-24T10:00:00+00:00,156.94100000000023,157.01800000000023,156.82900000000024,156.97500000000022,9065
2026-02-24T11:00:00+00:00,156.97500000000022,157.03300000000024,156.76300000000023,156.96700000000024,8943
2026-02-24T12:00:00+00:00,156.96700000000024,157.10800000000023,156.91900000000024,156.96800000000025,9594
2026-02-24T13:00:00+00:00,156.96800000000025,157.17700000000025,156.85800000000023,157.14200000000022,11153
2026-02-24T14:00:00+00:00,157.14200000000022,157.25800000000024,157.00600000000023,157.05200000000025,13233
2026-02-24T15:00:00+00:00,157.05200000000025,157.19200000000023,156.90200000000024,157.00000000000023,15586
2026-02-24T16:00:00+00:00,157.00000000000023,157.01900000000023,156.66700000000023,156.74900000000022,12665
2026-02-24T17:00:00+00:00,156.74900000000022,156.86900000000023,156.71000000000024,156.84300000000025,6711
2026-02-24T18:00:00+00:00,156.84300000000025,156.88800000000023,156.77300000000022,156.86200000000022,5490
2026-02-24T19:00:00+00:00,156.86200000000022,156.90400000000025,156.7930000000002,156.86800000000022,4449.572584560608
2026-02-24T20:00:00+00:00,156.86800000000022,156.97000000000023,156.8300000000002,156.96900000000022,4360
2026-02-24T21:00:00+00:00,156.96900000000022,157.0130000000002,156.92800000000022,156.9830000000002,2451.8759191832655
2026-02-24T22:00:00+00:00,156.9830000000002,156.9830000000002,156.7970000000002,156.8440000000002,1560.5107497812546
2026-02-24T23:00:00+00:00,156.8440000000002,156.95900000000017,156.8380000000002,156.9560000000002,2763
2026-02-25T00:00:00+00:00,156.9560000000002,157.0410000000002,156.7080000000002,156.7140000000002,13618
2026-02-25T01:00:00+00:00,156.7140000000002,156.8830000000002,156.6650000000002,156.82400000000018,11185
2026-02-25T02:00:00+00:00,156.82400000000018,156.85200000000017,156.44300000000018,156.50900000000019,18348
2026-02-25T03:00:00+00:00,156.50900000000019,157.08900000000017,156.39300000000017,156.87400000000017,23958
2026-02-25T04:00:00+00:00,156.87400000000017,157.09100000000018,156.75000000000017,156.7830000000002,10313
2026-02-25T05:00:00+00:00,156.7830000000002,156.84400000000016,156.62100000000018,156.64300000000017,9087
2026-02-25T06:00:00+00:00,156.64300000000017,156.84200000000018,156.57400000000018,156.76400000000018,9488
2026-02-25T07:00:00+00:00,156.76400000000018,156.97500000000016,156.7360000000002,156.97000000000017,14283
2026-02-25T08:00:00+00:00,156.97000000000017,157.3550000000002,156.96400000000017,157.3550000000002,16641
2026-02-25T09:00:00+00:00,157.3550000000002,157.71300000000016,157.35300000000018,157.60700000000017,18249
2026-02-25T10:00:00+00:00,157.60700000000017,157.82800000000015,157.59200000000016,157.82000000000016,9190
2026-02-25T11:00:00+00:00,157.82000000000016,157.87400000000017,157.77700000000016,157.84400000000016,6741
2026-02-25T12:00:00+00:00,157.84400000000016,157.84800000000016,157.70500000000015,157.73400000000015,8433
2026-02-25T13:00:00+00:00,157.73400000000015,157.79900000000015,157.63900000000015,157.74400000000017,9686
2026-02-25T14:00:00+00:00,157.74400000000017,157.81100000000015,157.49300000000017,157.66100000000017,16262
2026-02-25T15:00:00+00:00,157.66100000000017,157.66100000000017,157.38500000000016,157.41800000000015,17524
2026-02-25T16:00:00+00:00,157.41800000000015,157.52500000000015,157.35400000000016,157.35600000000017,13898
2026-02-25T17:00:00+00:00,157.35600000000017,157.42300000000017,157.28800000000015,157.37700000000015,9156
2026-02-25T18:00:00+00:00,157.37700000000015,157.46200000000016,157.33200000000016,157.44800000000015,5512
2026-02-25T19:00:00+00:00,157.44800000000015,157.59300000000016,157.41900000000015,157.49500000000015,5780
2026-02-25T20:00:00+00:00,157.49500000000015,157.50700000000015,157.39500000000015,157.49500000000015,6507
2026-02-25T21:00:00+00:00,157.49500000000015,157.53500000000017,157.38200000000015,157.40800000000016,4731
2026-02-25T22:00:00+00:00,157.40800000000016,157.51300000000018,157.32500000000016,157.38200000000015,1440.0476466602354
2026-02-25T23:00:00+00:00,157.38200000000015,157.42300000000017,157.20800000000017,157.25400000000016,5152
2026-02-26T00:00:00+00:00,157.25400000000016,157.31900000000016,157.04900000000015,157.07500000000016,13312
2026-02-26T01:00:00+00:00,157.07500000000016,157.14000000000016,156.89600000000016,156.91700000000017,17232
2026-02-26T02:00:00+00:00,156.91700000000017,157.13700000000017,156.83900000000017,157.02500000000015,11210
2026-02-26T03:00:00+00:00,157.02500000000015,157.08100000000016,156.89000000000016,157.02700000000016,9238
2026-02-26T04:00:00+00:00,157.02700000000016,157.18400000000017,156.97600000000017,156.99000000000015,9197
2026-02-26T05:00:00+00:00,156.99000000000015,157.05800000000016,156.79300000000015,157.02700000000016,13434
2026-02-26T06:00:00+00:00,157.02700000000016,157.15700000000015,156.98000000000016,157.06800000000015,12936
2026-02-26T07:00:00+00:00,157.06800000000015,157.25700000000015,157.06800000000015,157.13700000000017,12760
2026-02-26T08:00:00+00:00,157.13700000000017,157.26200000000017,157.00500000000017,157.08800000000016,15208
2026-02-26T09:00:00+00:00,157.08800000000016,157.17500000000015,157.00400000000016,157.15400000000017,11653
2026-02-26T10:00:00+00:00,157.15400000000017,157.18600000000015,157.04000000000016,157.04900000000015,5699
2026-02-26T11:00:00+00:00,157.04900000000015,157.17000000000016,157.00600000000017,157.16500000000016,7456
2026-02-26T12:00:00+00:00,157.16500000000016,157.23900000000015,157.07000000000016,157.15800000000016,9267
2026-02-26T13:00:00+00:00,157.15800000000016,157.26000000000016,157.02600000000015,157.24800000000016,13966
2026-02-26T14:00:00+00:00,157.24800000000016,157.33900000000014,156.91600000000017,157.00900000000016,19340
2026-02-26T15:00:00+00:00,157.00900000000016,157.21300000000016,156.93100000000015,157.11900000000014,23595
2026-02-26T16:00:00+00:00,157.11900000000014,157.35200000000015,157.11700000000013,157.20900000000015,14118
2026-02-26T17:00:00+00:00,157.20900000000015,157.47700000000015,157.19900000000015,157.46800000000013,12433
2026-02-26T18:00:00+00:00,157.46800000000013,157.50900000000016,157.37000000000015,157.46200000000013,10646
2026-02-26T19:00:00+00:00,157.46200000000013,157.47300000000013,157.19200000000012,157.21100000000013,5994
2026-02-26T20:00:00+00:00,157.21100000000013,157.22800000000012,157.14300000000014,157.21600000000012,5830
2026-02-26T21:00:00+00:00,157.21600000000012,157.23200000000014,157.13800000000012,157.17100000000013,3501
2026-02-26T22:00:00+00:00,157.17100000000013,157.25300000000013,157.1530000000001,157.22100000000012,11757.1671106778
2026-02-26T23:00:00+00:00,157.22100000000012,157.22700000000012,156.9640000000001,156.9880000000001,4600
2026-02-27T00:00:00+00:00,156.9880000000001,157.10300000000012,156.80100000000013,157.02000000000012,15707
2026-02-27T01:00:00+00:00,157.02000000000012,157.1370000000001,156.83700000000013,157.1310000000001,16367
2026-02-27T02:00:00+00:00,157.1310000000001,157.13200000000012,156.8860000000001,156.89500000000012,7983
2026-02-27T03:00:00+00:00,156.89500000000012,156.9690000000001,156.84600000000012,156.92400000000012,7300
2026-02-27T04:00:00+00:00,156.92400000000012,156.98400000000012,156.68700000000013,156.74000000000012,8346
2026-02-27T05:00:00+00:00,156.74000000000012,156.98500000000013,156.72800000000012,156.9820000000001,6880
2026-02-27T06:00:00+00:00,156.9820000000001,157.1160000000001,156.9420000000001,157.0460000000001,8509
2026-02-27T07:00:00+00:00,157.0460000000001,157.3000000000001,157.0460000000001,157.2620000000001,12437
2026-02-27T08:00:00+00:00,157.2620000000001,157.3510000000001,157.1390000000001,157.31600000000012,14312
2026-02-27T09:00:00+00:00,157.31600000000012,157.4080000000001,157.2350000000001,157.2490000000001,12671
2026-02-27T10:00:00+00:00,157.2490000000001,157.26300000000012,157.0990000000001,157.1540000000001,7244
2026-02-27T11:00:00+00:00,157.1540000000001,157.1760000000001,157.04200000000012,157.0860000000001,6926
2026-02-27T12:00:00+00:00,157.0860000000001,157.1270000000001,157.01200000000009,157.0700000000001,8273
2026-02-27T13:00:00+00:00,157.0700000000001,157.3590000000001,157.0660000000001,157.3460000000001,16707
2026-02-27T14:00:00+00:00,157.3460000000001,157.4040000000001,157.1080000000001,157.35700000000008,17731
2026-02-27T15:00:00+00:00,157.35700000000008,157.3850000000001,157.13100000000009,157.2470000000001,17705
2026-02-27T16:00:00+00:00,157.2470000000001,157.3200000000001,157.1420000000001,157.2330000000001,14513
2026-02-27T17:00:00+00:00,157.2330000000001,157.3090000000001,157.0910000000001,157.2340000000001,11860
2026-02-27T18:00:00+00:00,157.2340000000001,157.2760000000001,157.1690000000001,157.1880000000001,8008
2026-02-27T19:00:00+00:00,157.1880000000001,157.2010000000001,157.0640000000001,157.19600000000008,7311
2026-02-27T20:00:00+00:00,157.19600000000008,157.3540000000001,157.13700000000009,157.3530000000001,4986
2026-02-27T21:00:00+00:00,157.3530000000001,157.3710000000001,157.1690000000001,157.18900000000014,6552.715561877667
2026-03-01T22:00:00+00:00,157.18900000000014,157.6870000000001,157.18900000000014,157.4830000000001,1505.7556704672252
2026-03-01T23:00:00+00:00,157.4830000000001,158.0240000000001,157.48200000000008,158.00000000000009,16352
2026-03-02T00:00:00+00:00,158.00000000000009,158.1750000000001,157.6940000000001,157.7660000000001,26100
2026-03-02T01:00:00+00:00,157.7660000000001,157.9690000000001,157.5790000000001,157.5840000000001,25558
2026-03-02T02:00:00+00:00,157.5840000000001,157.80900000000008,157.53500000000008,157.6500000000001,16377
2026-03-02T03:00:00+00:00,157.6500000000001,157.7060000000001,157.52300000000008,157.68400000000008,14236
2026-03-02T04:00:00+00:00,157.68400000000008,157.9560000000001,157.6520000000001,157.8910000000001,11456
2026-03-02T05:00:00+00:00,157.8910000000001,158.2220000000001,157.8900000000001,158.1980000000001,14160
2026-03-02T06:00:00+00:00,158.1980000000001,158.3830000000001,158.1810000000001,158.2530000000001,20783
2026-03-02T07:00:00+00:00,158.2530000000001,158.4050000000001,158.2510000000001,158.34500000000008,23823
2026-03-02T08:00:00+00:00,158.34500000000008,158.6170000000001,158.2690000000001,158.3420000000001,22928
2026-03-02T09:00:00+00:00,158.3420000000001,158.3880000000001,158.1630000000001,158.3740000000001,14747
2026-03-02T10:00:00+00:00,158.3740000000001,158.3830000000001,158.1620000000001,158.2860000000001,11959
2026-03-02T11:00:00+00:00,158.2860000000001,158.37500000000009,158.2300000000001,158.3280000000001,10448
2026-03-02T12:00:00+00:00,158.3280000000001,158.77000000000007,158.32500000000007,158.74800000000008,15236
2026-03-02T13:00:00+00:00,158.74800000000008,158.97000000000008,158.7150000000001,158.88700000000009,19607
2026-03-02T14:00:00+00:00,158.88700000000009,158.9350000000001,158.77900000000008,158.84700000000007,22333
2026-03-02T15:00:00+00:00,158.84700000000007,159.11700000000008,158.84700000000007,159.10000000000008,20087
2026-03-02T16:00:00+00:00,159.10000000000008,159.11700000000008,158.73700000000008,158.85400000000007,19330
2026-03-02T17:00:00+00:00,158.85400000000007,158.86100000000008,158.7030000000001,158.72800000000007,12774
2026-03-02T18:00:00+00:00,158.72800000000007,158.85600000000008,158.69800000000006,158.74200000000008,8759
2026-03-02T19:00:00+00:00,158.74200000000008,158.74500000000006,158.48800000000008,158.51700000000008,8697
2026-03-02T20:00:00+00:00,158.51700000000008,158.85900000000007,158.48000000000008,158.71900000000008,18220
2026-03-02T21:00:00+00:00,158.71900000000008,158.76900000000006,158.65100000000007,158.71600000000007,9456
2026-03-02T22:00:00+00:00,158.71600000000007,158.76600000000008,158.61100000000005,158.73800000000003,1154.2074375224013
2026-03-02T23:00:00+00:00,158.73800000000003,158.76900000000003,158.53000000000003,158.62200000000004,6587
2026-03-03T00:00:00+00:00,158.62200000000004,158.86300000000003,158.54700000000005,158.83500000000004,16213
2026-03-03T01:00:00+00:00,158.83500000000004,158.95000000000005,158.63500000000005,158.64000000000004,18359
2026-03-03T02:00:00+00:00,158.64000000000004,158.74400000000003,158.53000000000003,158.60200000000003,15533
2026-03-03T03:00:00+00:00,158.60200000000003,158.73800000000003,158.55100000000004,158.63500000000005,10406
2026-03-03T04:00:00+00:00,158.63500000000005,158.77100000000004,158.55300000000005,158.75000000000003,10695
2026-03-03T05:00:00+00:00,158.75000000000003,158.78800000000004,158.62400000000005,158.75000000000003,10730
2026-03-03T06:00:00+00:00,158.75000000000003,158.84100000000004,158.56100000000004,158.57400000000004,14017
2026-03-03T07:00:00+00:00,158.57400000000004,158.81100000000004,158.50600000000003,158.76500000000004,20022
2026-03-03T08:00:00+00:00,158.76500000000004,158.93400000000005,158.65300000000005,158.86300000000003,22300
2026-03-03T09:00:00+00:00,158.86300000000003,159.17600000000004,158.82100000000005,159.02800000000005,20305
2026-03-03T10:00:00+00:00,159.02800000000005,159.20300000000003,158.95900000000003,159.19100000000003,18429
2026-03-03T11:00:00+00:00,159.19100000000003,159.32100000000005,159.02600000000004,159.03500000000005,21106
2026-03-03T12:00:00+00:00,159.03500000000005,159.12300000000005,158.85700000000003,158.99600000000004,22272
2026-03-03T13:00:00+00:00,158.99600000000004,159.17300000000003,158.97200000000004,159.15700000000004,19024
2026-03-03T14:00:00+00:00,159.15700000000004,159.30800000000005,159.06700000000004,159.06800000000004,26253
2026-03-03T15:00:00+00:00,159.06800000000004,159.26900000000003,158.95600000000005,159.19800000000004,35566
2026-03-03T16:00:00+00:00,159.19800000000004,159.27800000000005,158.96500000000003,159.04800000000003,28504
2026-03-03T17:00:00+00:00,159.04800000000003,159.22100000000003,159.03100000000003,159.18600000000004,20878
2026-03-03T18:00:00+00:00,159.18600000000004,159.19800000000004,158.85300000000004,159.00500000000005,15359
2026-03-03T19:00:00+00:00,159.00500000000005,159.17400000000004,158.82500000000005,159.01900000000003,18972
2026-03-03T20:00:00+00:00,159.01900000000003,159.02900000000005,158.83800000000005,159.01800000000003,13120
2026-03-03T21:00:00+00:00,159.01800000000003,159.10900000000004,158.98900000000003,159.03800000000004,9316
2026-03-03T22:00:00+00:00,159.03800000000004,159.03800000000004,158.75300000000004,158.88600000000005,1793.3468241899636
2026-03-03T23:00:00+00:00,158.88600000000005,159.11900000000006,158.86900000000006,159.09200000000004,7670
2026-03-04T00:00:00+00:00,159.09200000000004,159.18600000000004,158.80700000000004,158.86400000000003,20836
2026-03-04T01:00:00+00:00,158.86400000000003,159.08500000000004,158.86400000000003,158.91100000000006,19369
2026-03-04T02:00:00+00:00,158.91100000000006,158.93700000000004,158.79900000000004,158.92300000000006,13253
2026-03-04T03:00:00+00:00,158.92300000000006,158.96800000000005,158.69500000000005,158.73200000000006,8848
2026-03-04T04:00:00+00:00,158.73200000000006,158.75100000000003,158.50400000000005,158.70200000000006,10585
2026-03-04T05:00:00+00:00,158.70200000000006,158.95800000000006,158.67600000000004,158.89300000000006,10817
2026-03-04T06:00:00+00:00,158.89300000000006,158.97900000000004,158.70200000000006,158.75600000000006,11651
2026-03-04T07:00:00+00:00,158.75600000000006,158.80500000000004,158.57600000000005,158.78500000000005,14446
2026-03-04T08:00:00+00:00,158.78500000000005,158.86100000000005,158.58300000000006,158.72600000000006,20642
2026-03-04T09:00:00+00:00,158.72600000000006,158.78500000000005,158.41200000000003,158.52300000000005,17829
2026-03-04T10:00:00+00:00,158.52300000000005,158.65300000000005,158.17400000000004,158.61000000000004,30473
2026-03-04T11:00:00+00:00,158.61000000000004,158.67500000000004,158.39200000000005,158.54300000000003,13476
2026-03-04T12:00:00+00:00,158.54300000000003,158.66300000000004,158.36400000000003,158.63600000000005,15425
2026-03-04T13:00:00+00:00,158.63600000000005,158.64700000000005,158.41200000000003,158.62000000000003,22393
2026-03-04T14:00:00+00:00,158.62000000000003,158.73900000000003,158.56500000000005,158.57100000000005,24384
2026-03-04T15:00:00+00:00,158.57100000000005,158.71700000000004,158.42900000000006,158.44600000000005,26391
2026-03-04T16:00:00+00:00,158.44600000000005,158.44700000000006,158.21800000000005,158.26500000000004,17384
2026-03-04T17:00:00+00:00,158.26500000000004,158.35900000000004,158.20700000000005,158.30200000000005,11800
2026-03-04T18:00:00+00:00,158.30200000000005,158.49400000000006,158.30000000000004,158.48700000000005,8304
2026-03-04T19:00:00+00:00,158.48700000000005,158.48700000000005,158.29800000000006,158.33000000000004,7970
2026-03-04T20:00:00+00:00,158.33000000000004,158.42800000000005,158.29400000000004,158.41400000000004,7679
2026-03-04T21:00:00+00:00,158.41400000000004,158.44200000000004,158.32500000000005,158.37400000000005,7656
2026-03-04T22:00:00+00:00,158.37400000000005,158.39400000000003,158.32700000000006,158.34900000000002,1145.0447223399747
2026-03-04T23:00:00+00:00,158.34900000000002,158.44100000000003,158.31500000000003,158.32400000000004,3818
2026-03-05T00:00:00+00:00,158.32400000000004,158.354,157.88600000000002,157.91400000000002,13848
2026-03-05T01:00:00+00:00,157.91400000000002,158.11400000000003,157.79400000000004,158.11,19354
2026-03-05T02:00:00+00:00,158.11,158.30800000000002,158.06300000000002,158.29700000000003,13033
2026-03-05T03:00:00+00:00,158.29700000000003,158.43000000000004,158.23700000000002,158.33500000000004,12362
2026-03-05T04:00:00+00:00,158.33500000000004,158.49200000000002,158.33400000000003,158.46600000000004,8376
2026-03-05T05:00:00+00:00,158.46600000000004,158.56000000000003,158.32200000000003,158.53600000000003,12906
2026-03-05T06:00:00+00:00,158.53600000000003,158.59600000000003,158.30300000000003,158.38600000000002,16700
2026-03-05T07:00:00+00:00,158.38600000000002,158.63900000000004,158.30600000000004,158.60600000000002,15456
2026-03-05T08:00:00+00:00,158.60600000000002,158.72000000000003,158.51600000000002,158.62300000000002,15943
2026-03-05T09:00:00+00:00,158.62300000000002,158.65500000000003,158.24200000000002,158.50200000000004,40594
2026-03-05T10:00:00+00:00,158.50200000000004,158.64100000000002,158.45100000000002,158.63800000000003,12977
2026-03-05T11:00:00+00:00,158.63800000000003,158.71000000000004,158.58600000000004,158.69200000000004,12471
2026-03-05T12:00:00+00:00,158.69200000000004,158.84400000000002,158.63300000000004,158.78800000000004,12451
2026-03-05T13:00:00+00:00,158.78800000000004,159.12700000000004,158.77700000000002,159.10700000000003,13878
2026-03-05T14:00:00+00:00,159.10700000000003,159.11800000000002,158.87100000000004,158.91200000000003,17670
2026-03-05T15:00:00+00:00,158.91200000000003,159.12000000000003,158.73900000000003,158.96500000000003,18947
2026-03-05T16:00:00+00:00,158.96500000000003,159.13000000000002,158.87900000000002,158.92500000000004,19171
2026-03-05T17:00:00+00:00,158.92500000000004,159.19200000000004,158.89900000000003,159.03300000000002,18822
2026-03-05T18:00:00+00:00,159.03300000000002,159.18800000000002,158.97800000000004,159.07400000000004,16215
2026-03-05T19:00:00+00:00,159.07400000000004,159.19300000000004,159.03600000000003,159.15800000000002,10579
2026-03-05T20:00:00+00:00,159.15800000000002,159.19100000000003,158.75900000000001,158.90300000000002,19880
2026-03-05T21:00:00+00:00,158.90300000000002,158.91600000000003,158.82100000000003,158.89500000000004,7771
2026-03-05T22:00:00+00:00,158.89500000000004,158.96300000000008,158.79000000000008,158.88100000000009,1759.6051224710905
2026-03-05T23:00:00+00:00,158.88100000000009,158.99800000000008,158.86900000000009,158.96100000000007,5921
2026-03-06T00:00:00+00:00,158.96100000000007,158.96300000000008,158.77800000000008,158.86100000000008,18064
2026-03-06T01:00:00+00:00,158.86100000000008,158.98800000000008,158.81100000000006,158.87500000000009,18051
2026-03-06T02:00:00+00:00,158.87500000000009,158.94400000000007,158.84500000000008,158.89900000000006,10924
2026-03-06T03:00:00+00:00,158.89900000000006,158.91200000000006,158.86200000000008,158.89000000000007,6026
2026-03-06T04:00:00+00:00,158.89000000000007,159.08200000000008,158.88900000000007,159.06600000000006,7458
2026-03-06T05:00:00+00:00,159.06600000000006,159.27300000000008,159.03400000000008,159.23900000000006,10218
2026-03-06T06:00:00+00:00,159.23900000000006,159.29500000000007,159.11800000000008,159.12300000000008,11882
2026-03-06T07:00:00+00:00,159.12300000000008,159.16600000000008,158.93000000000006,158.93300000000008,10342
2026-03-06T08:00:00+00:00,158.93300000000008,159.06000000000006,158.89900000000006,159.05100000000007,11916
2026-03-06T09:00:00+00:00,159.05100000000007,159.28800000000007,159.04700000000008,159.25700000000006,13662
2026-03-06T10:00:00+00:00,159.25700000000006,159.29300000000006,159.15400000000008,159.27400000000006,12691
2026-03-06T11:00:00+00:00,159.27400000000006,159.38500000000008,159.23000000000008,159.34900000000007,12874
2026-03-06T12:00:00+00:00,159.34900000000007,159.48300000000006,159.24500000000006,159.40100000000007,15069
2026-03-06T13:00:00+00:00,159.40100000000007,159.40100000000007,158.76700000000008,159.2680000000001,41657
2026-03-06T14:00:00+00:00,159.2680000000001,159.48400000000007,159.04300000000006,159.06400000000008,35470
2026-03-06T15:00:00+00:00,159.06400000000008,159.16800000000006,158.94100000000006,158.98200000000008,29005
2026-03-06T16:00:00+00:00,158.98200000000008,159.11200000000008,158.90900000000008,159.03800000000007,22899
2026-03-06T17:00:00+00:00,159.03800000000007,159.24800000000008,158.99600000000007,159.19600000000008,20578
2026-03-06T18:00:00+00:00,159.19600000000008,159.27100000000007,159.01100000000008,159.20900000000006,17684
2026-03-06T19:00:00+00:00,159.20900000000006,159.27100000000007,159.14700000000008,159.26900000000006,12419
2026-03-06T20:00:00+00:00,159.26900000000006,159.35900000000007,159.23000000000008,159.30000000000007,8831
2026-03-06T21:00:00+00:00,159.30000000000007,159.30200000000008,159.1450000000001,159.1540000000001,8053.510400070167
2026-03-08T21:00:00+00:00,159.1540000000001,159.20100000000014,159.13600000000008,159.1980000000001,431.5982416325066
2026-03-08T22:00:00+00:00,159.1980000000001,159.5810000000001,159.1910000000001,159.4230000000001,13524
2026-03-08T23:00:00+00:00,159.4230000000001,159.5540000000001,159.30900000000008,159.51100000000008,31063
2026-03-09T00:00:00+00:00,159.51100000000008,159.8010000000001,159.41600000000008,159.7570000000001,19758
2026-03-09T01:00:00+00:00,159.7570000000001,159.8460000000001,159.6790000000001,159.8010000000001,18524
2026-03-09T02:00:00+00:00,159.8010000000001,159.86700000000008,159.74200000000008,159.81500000000008,14341
2026-03-09T03:00:00+00:00,159.81500000000008,160.00500000000008,159.76700000000008,159.9660000000001,11689
2026-03-09T04:00:00+00:00,159.9660000000001,159.9770000000001,159.7650000000001,159.8290000000001,9157
2026-03-09T05:00:00+00:00,159.8290000000001,159.8820000000001,159.43400000000008,159.48200000000008,26764
2026-03-09T06:00:00+00:00,159.48200000000008,159.7530000000001,159.4720000000001,159.72600000000008,20325
2026-03-09T07:00:00+00:00,159.72600000000008,159.7630000000001,159.51100000000008,159.5690000000001,19536
2026-03-09T08:00:00+00:00,159.5690000000001,159.79600000000008,159.4660000000001,159.7400000000001,27589
2026-03-09T09:00:00+00:00,159.7400000000001,159.75400000000008,159.2950000000001,159.5440000000001,29892
2026-03-09T10:00:00+00:00,159.5440000000001,159.68300000000008,159.4660000000001,159.5680000000001,24813
2026-03-09T11:00:00+00:00,159.5680000000001,159.61800000000008,159.4780000000001,159.5800000000001,20682
2026-03-09T12:00:00+00:00,159.5800000000001,159.7100000000001,159.4590000000001,159.6810000000001,19147
2026-03-09T13:00:00+00:00,159.6810000000001,159.69000000000008,159.2940000000001,159.4300000000001,26882
2026-03-09T14:00:00+00:00,159.4300000000001,159.65300000000008,159.40400000000008,159.49300000000008,34081
2026-03-09T15:00:00+00:00,159.49300000000008,159.5030000000001,159.10700000000008,159.1930000000001,19355
2026-03-09T16:00:00+00:00,159.1930000000001,159.33200000000008,159.0800000000001,159.2460000000001,16373
2026-03-09T17:00:00+00:00,159.2460000000001,159.4550000000001,159.2230000000001,159.4470000000001,11175
2026-03-09T18:00:00+00:00,159.4470000000001,159.5150000000001,159.35000000000008,159.5070000000001,9508
2026-03-09T19:00:00+00:00,159.5070000000001,159.52300000000008,158.7510000000001,158.9650000000001,38498
2026-03-09T20:00:00+00:00,158.9650000000001,159.02300000000008,158.7350000000001,158.7530000000001,11598
2026-03-09T21:00:00+00:00,158.7530000000001,158.8260000000001,158.70800000000008,158.7610000000001,1663.8593667079426
2026-03-09T22:00:00+00:00,158.7610000000001,159.0140000000001,158.7370000000001,158.9200000000001,11587
2026-03-09T23:00:00+00:00,158.9200000000001,159.0650000000001,158.8670000000001,158.9820000000001,15285
2026-03-10T00:00:00+00:00,158.9820000000001,159.0590000000001,158.6730000000001,158.7000000000001,21439
2026-03-10T01:00:00+00:00,158.7000000000001,158.88700000000009,158.6320000000001,158.7350000000001,17881
2026-03-10T02:00:00+00:00,158.7350000000001,158.9350000000001,158.7070000000001,158.9240000000001,13838
2026-03-10T03:00:00+00:00,158.9240000000001,159.0240000000001,158.9120000000001,158.9990000000001,10551
2026-03-10T04:00:00+00:00,158.9990000000001,159.0400000000001,158.8700000000001,158.8840000000001,6531
2026-03-10T05:00:00+00:00,158.8840000000001,158.8930000000001,158.7310000000001,158.7510000000001,9403
2026-03-10T06:00:00+00:00,158.7510000000001,158.7630000000001,158.5810000000001,158.6550000000001,10400
2026-03-10T07:00:00+00:00,158.6550000000001,158.7280000000001,158.3850000000001,158.4100000000001,18857
2026-03-10T08:00:00+00:00,158.4100000000001,158.8250000000001,158.4080000000001,158.8090000000001,19066
2026-03-10T09:00:00+00:00,158.8090000000001,158.8330000000001,158.6580000000001,158.7710000000001,15478
2026-03-10T10:00:00+00:00,158.7710000000001,159.0040000000001,158.7710000000001,158.8760000000001,14877
2026-03-10T11:00:00+00:00,158.8760000000001,158.9520000000001,158.7590000000001,158.9080000000001,17832
2026-03-10T12:00:00+00:00,158.9080000000001,159.0860000000001,158.8710000000001,158.9200000000001,17042
2026-03-10T13:00:00+00:00,158.9200000000001,158.9770000000001,158.7690000000001,158.9430000000001,20983
2026-03-10T14:00:00+00:00,158.9430000000001,159.0250000000001,158.75000000000009,158.8010000000001,18481
2026-03-10T15:00:00+00:00,158.8010000000001,158.87500000000009,158.6650000000001,158.7100000000001,14681
2026-03-10T16:00:00+00:00,158.7100000000001,158.8160000000001,158.6410000000001,158.6800000000001,11433
2026-03-10T17:00:00+00:00,158.6800000000001,158.7600000000001,158.5110000000001,158.7100000000001,16350
2026-03-10T18:00:00+00:00,158.7100000000001,159.0920000000001,158.7070000000001,158.9780000000001,30467
2026-03-10T19:00:00+00:00,158.9780000000001,159.2350000000001,158.9580000000001,159.1420000000001,16344
2026-03-10T20:00:00+00:00,159.1420000000001,159.2000000000001,159.0840000000001,159.1460000000001,5017
2026-03-10T21:00:00+00:00,159.1460000000001,159.20300000000012,159.1240000000001,159.19100000000012,570.8908468859324
2026-03-10T22:00:00+00:00,159.19100000000012,159.29200000000012,159.16200000000012,159.27500000000012,2059
2026-03-10T23:00:00+00:00,159.27500000000012,159.29600000000013,159.16500000000013,159.21500000000012,5523
2026-03-11T00:00:00+00:00,159.21500000000012,159.33400000000012,159.02700000000013,159.3030000000001,14815
2026-03-11T01:00:00+00:00,159.3030000000001,159.44500000000014,159.28900000000013,159.38500000000013,13239
2026-03-11T02:00:00+00:00,159.38500000000013,159.5000000000001,159.34000000000012,159.40300000000013,7537
2026-03-11T03:00:00+00:00,159.40300000000013,159.4160000000001,159.27800000000013,159.30600000000013,7960
2026-03-11T04:00:00+00:00,159.30600000000013,159.36400000000012,159.20700000000014,159.21300000000014,6875
2026-03-11T05:00:00+00:00,159.21300000000014,159.2910000000001,159.1720000000001,159.28000000000011,8323
2026-03-11T06:00:00+00:00,159.28000000000011,159.28600000000012,158.97100000000012,159.10600000000014,10029
2026-03-11T07:00:00+00:00,159.10600000000014,159.38200000000012,159.07000000000014,159.33400000000012,14518
2026-03-11T08:00:00+00:00,159.33400000000012,159.5750000000001,159.30500000000012,159.5330000000001,12028
2026-03-11T09:00:00+00:00,159.5330000000001,159.62000000000012,159.4810000000001,159.60400000000013,12271
2026-03-11T10:00:00+00:00,159.60400000000013,159.6180000000001,159.3850000000001,159.4200000000001,8340
2026-03-11T11:00:00+00:00,159.4200000000001,159.63300000000012,159.3810000000001,159.63200000000012,11492
2026-03-11T12:00:00+00:00,159.63200000000012,159.75800000000012,159.4270000000001,159.73900000000012,20358
2026-03-11T13:00:00+00:00,159.73900000000012,159.7790000000001,159.6070000000001,159.61000000000013,19474
2026-03-11T14:00:00+00:00,159.61000000000013,159.8260000000001,159.4380000000001,159.8190000000001,26550
2026-03-11T15:00:00+00:00,159.8190000000001,159.98300000000012,159.8030000000001,159.9620000000001,10924
2026-03-11T16:00:00+00:00,159.9620000000001,159.99500000000012,159.90000000000012,159.96500000000012,12226
2026-03-11T17:00:00+00:00,159.96500000000012,160.1050000000001,159.94700000000012,159.97700000000012,9973
2026-03-11T18:00:00+00:00,159.97700000000012,160.07300000000012,159.9690000000001,160.0570000000001,9419
2026-03-11T19:00:00+00:00,160.0570000000001,160.09800000000013,160.0410000000001,160.07800000000012,6484
2026-03-11T20:00:00+00:00,160.07800000000012,160.1000000000001,160.05000000000013,160.07400000000013,3354
2026-03-11T21:00:00+00:00,160.07400000000013,160.07400000000013,159.90100000000012,159.9400000000001,6832.234118716286
2026-03-11T22:00:00+00:00,159.9400000000001,160.12200000000013,159.9400000000001,160.11400000000012,5076
2026-03-11T23:00:00+00:00,160.11400000000012,160.2560000000001,160.06900000000013,160.2130000000001,8258
2026-03-12T00:00:00+00:00,160.2130000000001,160.3630000000001,160.0530000000001,160.10400000000013,12838
2026-03-12T01:00:00+00:00,160.10400000000013,160.11000000000013,159.9090000000001,159.98300000000012,10038
2026-03-12T02:00:00+00:00,159.98300000000012,160.23500000000013,159.96100000000013,160.18600000000012,7528
2026-03-12T03:00:00+00:00,160.18600000000012,160.19200000000012,160.10200000000012,160.15200000000013,5632
2026-03-12T04:00:00+00:00,160.15200000000013,160.28000000000011,160.13400000000013,160.2500000000001,3936
2026-03-12T05:00:00+00:00,160.2500000000001,160.25100000000012,160.09800000000013,160.24000000000012,9012
2026-03-12T06:00:00+00:00,160.24000000000012,160.24000000000012,160.00900000000013,160.0290000000001,6451
2026-03-12T07:00:00+00:00,160.0290000000001,160.12300000000013,159.91200000000012,159.9280000000001,9480
2026-03-12T08:00:00+00:00,159.9280000000001,160.06800000000013,159.7970000000001,160.0110000000001,10840
2026-03-12T09:00:00+00:00,160.0110000000001,160.06200000000013,159.8390000000001,159.87000000000012,7168
2026-03-12T10:00:00+00:00,159.87000000000012,159.94900000000013,159.8150000000001,159.8440000000001,10590
2026-03-12T11:00:00+00:00,159.8440000000001,159.87000000000012,159.6960000000001,159.81800000000013,9845
2026-03-12T12:00:00+00:00,159.81800000000013,160.06100000000012,159.80700000000013,160.01900000000012,12253
2026-03-12T13:00:00+00:00,160.01900000000012,160.1900000000001,159.9330000000001,160.12300000000013,17937
2026-03-12T14:00:00+00:00,160.12300000000013,160.32500000000013,160.07400000000013,160.31000000000012,17512
2026-03-12T15:00:00+00:00,160.31000000000012,160.41300000000012,160.2310000000001,160.3390000000001,20428
2026-03-12T16:00:00+00:00,160.3390000000001,160.41400000000013,160.25900000000013,160.33600000000013,16306
2026-03-12T17:00:00+00:00,160.33600000000013,160.47200000000012,160.24200000000013,160.44100000000012,12038
2026-03-12T18:00:00+00:00,160.44100000000012,160.53900000000013,160.40600000000012,160.5290000000001,10801
2026-03-12T19:00:00+00:00,160.5290000000001,160.55700000000013,160.4390000000001,160.4990000000001,10199
2026-03-12T20:00:00+00:00,160.4990000000001,160.54300000000012,160.41700000000012,160.45000000000013,4944
2026-03-12T21:00:00+00:00,160.45000000000013,160.4980000000001,160.3740000000001,160.4190000000001,946.657037117077
2026-03-12T22:00:00+00:00,160.4190000000001,160.5500000000001,160.3820000000001,160.4020000000001,21332
2026-03-12T23:00:00+00:00,160.4020000000001,160.4930000000001,160.3110000000001,160.3720000000001,10913
2026-03-13T00:00:00+00:00,160.3720000000001,160.3720000000001,160.1410000000001,160.2240000000001,14984
2026-03-13T01:00:00+00:00,160.2240000000001,160.4130000000001,160.1650000000001,160.4000000000001,11342
2026-03-13T02:00:00+00:00,160.4000000000001,160.5020000000001,160.3240000000001,160.41100000000012,10399
2026-03-13T03:00:00+00:00,160.41100000000012,160.5460000000001,160.3820000000001,160.48300000000012,7266
2026-03-13T04:00:00+00:00,160.48300000000012,160.8130000000001,160.4740000000001,160.6360000000001,11664
2026-03-13T05:00:00+00:00,160.6360000000001,160.6360000000001,160.4420000000001,160.5580000000001,7971
2026-03-13T06:00:00+00:00,160.5580000000001,160.5920000000001,160.4450000000001,160.5580000000001,12725
2026-03-13T07:00:00+00:00,160.5580000000001,160.6710000000001,160.47700000000012,160.5680000000001,16371
2026-03-13T08:00:00+00:00,160.5680000000001,160.6600000000001,160.4600000000001,160.4630000000001,18001
2026-03-13T09:00:00+00:00,160.4630000000001,160.6210000000001,160.3810000000001,160.60800000000012,9186
2026-03-13T10:00:00+00:00,160.60800000000012,160.6310000000001,160.4610000000001,160.5290000000001,8875
2026-03-13T11:00:00+00:00,160.5290000000001,160.5790000000001,160.4150000000001,160.4160000000001,10183
2026-03-13T12:00:00+00:00,160.4160000000001,160.54200000000012,160.3350000000001,160.4610000000001,15953
2026-03-13T13:00:00+00:00,160.4610000000001,160.4900000000001,160.1360000000001,160.22100000000012,15923
2026-03-13T14:00:00+00:00,160.22100000000012,160.5070000000001,160.2190000000001,160.4980000000001,17180
2026-03-13T15:00:00+00:00,160.4980000000001,160.72700000000012,160.4920000000001,160.6700000000001,20075
2026-03-13T16:00:00+00:00,160.6700000000001,160.7650000000001,160.6410000000001,160.7430000000001,14612
2026-03-13T17:00:00+00:00,160.7430000000001,160.8150000000001,160.6760000000001,160.7040000000001,9816
2026-03-13T18:00:00+00:00,160.7040000000001,160.8060000000001,160.6940000000001,160.7640000000001,7537
2026-03-13T19:00:00+00:00,160.7640000000001,160.82200000000012,160.7250000000001,160.8070000000001,5161
2026-03-13T20:00:00+00:00,160.8070000000001,160.8740000000001,160.7760000000001,160.8260000000001,3728.3962172175097
2026-03-15T21:00:00+00:00,160.8260000000001,160.8370000000001,160.77600000000012,160.8260000000001,856.3568938894093
2026-03-15T22:00:00+00:00,160.8260000000001,161.01900000000012,160.78600000000012,160.8090000000001,7656
2026-03-15T23:00:00+00:00,160.8090000000001,160.90200000000013,160.7830000000001,160.8370000000001,10391
2026-03-16T00:00:00+00:00,160.8370000000001,160.8370000000001,160.53200000000012,160.58000000000013,14872
2026-03-16T01:00:00+00:00,160.58000000000013,160.78700000000012,160.56600000000012,160.70300000000012,11531
2026-03-16T02:00:00+00:00,160.70300000000012,160.8850000000001,160.6890000000001,160.87000000000012,8948
2026-03-16T03:00:00+00:00,160.87000000000012,160.9220000000001,160.7540000000001,160.7790000000001,5139
2026-03-16T04:00:00+00:00,160.7790000000001,160.90100000000012,160.7720000000001,160.84100000000012,4760
2026-03-16T05:00:00+00:00,160.84100000000012,160.86600000000013,160.6010000000001,160.6230000000001,6875
2026-03-16T06:00:00+00:00,160.6230000000001,160.6890000000001,160.55400000000012,160.5710000000001,9031
2026-03-16T07:00:00+00:00,160.5710000000001,160.66100000000012,160.45500000000013,160.5650000000001,13169
2026-03-16T08:00:00+00:00,160.5650000000001,160.6530000000001,160.5060000000001,160.6290000000001,14409
2026-03-16T09:00:00+00:00,160.6290000000001,160.6650000000001,160.5280000000001,160.60400000000013,11101
2026-03-16T10:00:00+00:00,160.60400000000013,160.62600000000012,160.4820000000001,160.5040000000001,10430
2026-03-16T11:00:00+00:00,160.5040000000001,160.54200000000012,160.38200000000012,160.40600000000012,8792
2026-03-16T12:00:00+00:00,160.40600000000012,160.4210000000001,160.24100000000013,160.4140000000001,11747
2026-03-16T13:00:00+00:00,160.4140000000001,160.45400000000012,160.1830000000001,160.21600000000012,13193
2026-03-16T14:00:00+00:00,160.21600000000012,160.47100000000012,160.1290000000001,160.42300000000012,15273
2026-03-16T15:00:00+00:00,160.42300000000012,160.6070000000001,160.3320000000001,160.57300000000012,13021
2026-03-16T16:00:00+00:00,160.57300000000012,160.64000000000013,160.4740000000001,160.5450000000001,12662
2026-03-16T17:00:00+00:00,160.5450000000001,160.5810000000001,160.4150000000001,160.54900000000012,11449
2026-03-16T18:00:00+00:00,160.54900000000012,160.54900000000012,160.1900000000001,160.2440000000001,9830
2026-03-16T19:00:00+00:00,160.2440000000001,160.4620000000001,160.21000000000012,160.43600000000012,10241
2026-03-16T20:00:00+00:00,160.43600000000012,160.43700000000013,160.31000000000012,160.33600000000013,4241
2026-03-16T21:00:00+00:00,160.33600000000013,160.42400000000015,160.27700000000016,160.36600000000013,3911.3871815552075
2026-03-16T22:00:00+00:00,160.36600000000013,160.48000000000013,160.34600000000012,160.45100000000014,3106
2026-03-16T23:00:00+00:00,160.45100000000014,160.5530000000001,160.41400000000013,160.4690000000001,3832
2026-03-17T00:00:00+00:00,160.4690000000001,160.68000000000012,160.45400000000012,160.6480000000001,11081
2026-03-17T01:00:00+00:00,160.6480000000001,160.78600000000012,160.63200000000012,160.7130000000001,9780
2026-03-17T02:00:00+00:00,160.7130000000001,160.76600000000013,160.65000000000012,160.69900000000013,5202
2026-03-17T03:00:00+00:00,160.69900000000013,160.74100000000013,160.61100000000013,160.6840000000001,6301
2026-03-17T04:00:00+00:00,160.6840000000001,160.72800000000012,160.55000000000013,160.56600000000012,5450
2026-03-17T05:00:00+00:00,160.56600000000012,160.78200000000012,160.54300000000012,160.77700000000013,6298
2026-03-17T06:00:00+00:00,160.77700000000013,160.83100000000013,160.6780000000001,160.6840000000001,7890
2026-03-17T07:00:00+00:00,160.6840000000001,160.73400000000012,160.50400000000013,160.56800000000013,8045
2026-03-17T08:00:00+00:00,160.56800000000013,160.5710000000001,160.3920000000001,160.43900000000014,13368
2026-03-17T09:00:00+00:00,160.43900000000014,160.52800000000013,160.40000000000012,160.4640000000001,11244
2026-03-17T10:00:00+00:00,160.4640000000001,160.55000000000013,160.38200000000012,160.45500000000013,9006
2026-03-17T11:00:00+00:00,160.45500000000013,160.4750000000001,160.30200000000013,160.43600000000012,9291
2026-03-17T12:00:00+00:00,160.43600000000012,160.48900000000012,160.29800000000012,160.36700000000013,11992
2026-03-17T13:00:00+00:00,160.36700000000013,160.3690000000001,160.06300000000013,160.21800000000013,15989
2026-03-17T14:00:00+00:00,160.21800000000013,160.35500000000013,160.15700000000012,160.27600000000012,13930
2026-03-17T15:00:00+00:00,160.27600000000012,160.45600000000013,160.20900000000012,160.37400000000014,17257
2026-03-17T16:00:00+00:00,160.37400000000014,160.45700000000014,160.22100000000012,160.28400000000013,13411
2026-03-17T17:00:00+00:00,160.28400000000013,160.35500000000013,160.26500000000013,160.31100000000012,7817
2026-03-17T18:00:00+00:00,160.31100000000012,160.39100000000013,160.2320000000001,160.38900000000012,5854
2026-03-17T19:00:00+00:00,160.38900000000012,160.40400000000014,160.32000000000014,160.38500000000013,5334
2026-03-17T20:00:00+00:00,160.38500000000013,160.39900000000011,160.32300000000012,160.32500000000013,3233
2026-03-17T21:00:00+00:00,160.32500000000013,160.35800000000015,160.21200000000013,160.35800000000015,2327.0008063564364
2026-03-17T22:00:00+00:00,160.35800000000015,160.37300000000013,160.28600000000014,160.34200000000013,2270.5614851485147
2026-03-17T23:00:00+00:00,160.34200000000013,160.35600000000014,160.25900000000013,160.29600000000013,3647
2026-03-18T00:00:00+00:00,160.29600000000013,160.53400000000013,160.18200000000013,160.45900000000015,17383
2026-03-18T01:00:00+00:00,160.45900000000015,160.48100000000014,160.36500000000015,160.40600000000015,7578
2026-03-18T02:00:00+00:00,160.40600000000015,160.43100000000015,160.27200000000013,160.30600000000015,5924
2026-03-18T03:00:00+00:00,160.30600000000015,160.38000000000014,160.30000000000015,160.32800000000015,4969
2026-03-18T04:00:00+00:00,160.32800000000015,160.32900000000015,160.14800000000014,160.20600000000016,6594
2026-03-18T05:00:00+00:00,160.20600000000016,160.21000000000015,160.04800000000014,160.09300000000016,6848
2026-03-18T06:00:00+00:00,160.09300000000016,160.17400000000015,159.96300000000014,160.13900000000015,8229
2026-03-18T07:00:00+00:00,160.13900000000015,160.27000000000015,160.07600000000014,160.15300000000013,10923
2026-03-18T08:00:00+00:00,160.15300000000013,160.38200000000015,160.15300000000013,160.34500000000014,9876
2026-03-18T09:00:00+00:00,160.34500000000014,160.44400000000016,160.28900000000016,160.30200000000013,6444
2026-03-18T10:00:00+00:00,160.30200000000013,160.42200000000014,160.30200000000013,160.40700000000015,6976
2026-03-18T11:00:00+00:00,160.40700000000015,160.50600000000014,160.29400000000015,160.37000000000015,10277
2026-03-18T12:00:00+00:00,160.37000000000015,160.85700000000014,160.35300000000015,160.83900000000014,19445
2026-03-18T13:00:00+00:00,160.83900000000014,160.98000000000016,160.83000000000015,160.89200000000014,20584
2026-03-18T14:00:00+00:00,160.89200000000014,160.92800000000014,160.81500000000014,160.81500000000014,15029
2026-03-18T15:00:00+00:00,160.81500000000014,160.89200000000014,160.76300000000015,160.87700000000015,14206
2026-03-18T16:00:00+00:00,160.87700000000015,160.90800000000013,160.78900000000013,160.86200000000014,10704
2026-03-18T17:00:00+00:00,160.86200000000014,160.93700000000013,160.76200000000014,160.76600000000013,9190
2026-03-18T18:00:00+00:00,160.76600000000013,161.12700000000015,160.64500000000015,161.12600000000015,25279
2026-03-18T19:00:00+00:00,161.12600000000015,161.23500000000013,161.08100000000013,161.22200000000015,14050
2026-03-18T20:00:00+00:00,161.22200000000015,161.29500000000013,161.19700000000014,161.20100000000014,6188
2026-03-18T21:00:00+00:00,161.20100000000014,161.24600000000015,161.08000000000013,161.08000000000013,3083.3626990702382
2026-03-18T22:00:00+00:00,161.08000000000013,161.23900000000015,161.08000000000013,161.16700000000014,8328
2026-03-18T23:00:00+00:00,161.16700000000014,161.23700000000014,161.15000000000015,161.20700000000014,7699
2026-03-19T00:00:00+00:00,161.20700000000014,161.24300000000014,161.07600000000014,161.17100000000013,15490
2026-03-19T01:00:00+00:00,161.17100000000013,161.21000000000015,160.97600000000014,161.05300000000014,9836
2026-03-19T02:00:00+00:00,161.05300000000014,161.09900000000013,160.93700000000013,161.05100000000013,10969
2026-03-19T03:00:00+00:00,161.05100000000013,161.10500000000013,161.00200000000015,161.02100000000013,4879
2026-03-19T04:00:00+00:00,161.02100000000013,161.06700000000015,160.98300000000015,161.04600000000013,5972
2026-03-19T05:00:00+00:00,161.04600000000013,161.14100000000013,161.03200000000012,161.10600000000014,5288
2026-03-19T06:00:00+00:00,161.10600000000014,161.19900000000013,160.99500000000015,161.07600000000014,12841
2026-03-19T07:00:00+00:00,161.07600000000014,161.09400000000014,160.59000000000015,160.62600000000015,36821
2026-03-19T08:00:00+00:00,160.62600000000015,160.78100000000015,160.43200000000013,160.57900000000015,23965
2026-03-19T09:00:00+00:00,160.57900000000015,160.67300000000014,160.46200000000013,160.54700000000014,29241
2026-03-19T10:00:00+00:00,160.54700000000014,160.64000000000013,160.50400000000013,160.51600000000013,12736
2026-03-19T11:00:00+00:00,160.51600000000013,160.55600000000013,160.43800000000013,160.45500000000013,9663
2026-03-19T12:00:00+00:00,160.45500000000013,160.68800000000013,160.24500000000015,160.30100000000013,28042
2026-03-19T13:00:00+00:00,160.30100000000013,160.33500000000015,159.51600000000013,159.60900000000015,34511
2026-03-19T14:00:00+00:00,159.60900000000015,159.82000000000014,159.45700000000014,159.76300000000015,36043
2026-03-19T15:00:00+00:00,159.76300000000015,159.95700000000014,159.53700000000015,159.58700000000013,29300
2026-03-19T16:00:00+00:00,159.58700000000013,159.61700000000013,159.43600000000015,159.44000000000014,23152
2026-03-19T17:00:00+00:00,159.44000000000014,159.49000000000015,159.19200000000015,159.20800000000014,12478
2026-03-19T18:00:00+00:00,159.20800000000014,159.30800000000013,159.08300000000014,159.08700000000013,12643
2026-03-19T19:00:00+00:00,159.08700000000013,159.09300000000013,158.90000000000015,159.04300000000015,32279
2026-03-19T20:00:00+00:00,159.04300000000015,159.11500000000015,159.00100000000015,159.08200000000014,5780
2026-03-19T21:00:00+00:00,159.08200000000014,159.18000000000006,158.97000000000008,159.15300000000008,1968.989700743089
2026-03-19T22:00:00+00:00,159.15300000000008,159.28400000000008,159.08900000000008,159.26400000000007,4507
2026-03-19T23:00:00+00:00,159.26400000000007,159.3760000000001,159.19400000000007,159.31500000000008,6260
2026-03-20T00:00:00+00:00,159.31500000000008,159.37100000000007,159.19200000000006,159.24600000000007,11512
2026-03-20T01:00:00+00:00,159.24600000000007,159.52300000000008,159.13300000000007,159.49300000000008,11101
2026-03-20T02:00:00+00:00,159.49300000000008,159.73500000000007,159.49300000000008,159.69500000000008,6749
2026-03-20T03:00:00+00:00,159.69500000000008,159.78900000000007,159.6670000000001,159.77700000000007,7031
2026-03-20T04:00:00+00:00,159.77700000000007,159.80100000000007,159.73000000000008,159.76400000000007,5116
2026-03-20T05:00:00+00:00,159.76400000000007,159.82000000000008,159.73100000000008,159.81400000000008,4453
2026-03-20T06:00:00+00:00,159.81400000000008,159.81900000000007,159.72300000000007,159.80300000000008,6535
2026-03-20T07:00:00+00:00,159.80300000000008,159.83800000000008,159.67000000000007,159.68000000000006,12734
2026-03-20T08:00:00+00:00,159.68000000000006,159.87800000000007,159.64500000000007,159.87400000000008,12874
2026-03-20T09:00:00+00:00,159.87400000000008,160.2510000000001,159.83700000000007,160.21900000000008,13769
2026-03-20T10:00:00+00:00,160.21900000000008,160.2860000000001,160.0720000000001,160.10300000000007,16014
2026-03-20T11:00:00+00:00,160.10300000000007,160.1140000000001,159.90700000000007,159.96700000000007,12186
2026-03-20T12:00:00+00:00,159.96700000000007,160.09900000000007,159.90700000000007,160.08600000000007,19126
2026-03-20T13:00:00+00:00,160.08600000000007,160.40900000000008,160.0600000000001,160.40800000000007,19285
2026-03-20T14:00:00+00:00,160.40800000000007,160.56700000000006,160.3930000000001,160.51500000000007,22611
2026-03-20T15:00:00+00:00,160.51500000000007,160.64700000000008,160.35300000000007,160.64200000000008,22738
2026-03-20T16:00:00+00:00,160.64200000000008,160.6730000000001,160.53500000000008,160.65600000000006,12135
2026-03-20T17:00:00+00:00,160.65600000000006,160.74900000000008,160.53100000000006,160.60900000000007,15672
2026-03-20T18:00:00+00:00,160.60900000000007,160.77300000000008,160.57500000000007,160.7390000000001,14834
2026-03-20T19:00:00+00:00,160.7390000000001,160.76100000000008,160.61900000000009,160.69200000000006,7562
2026-03-20T20:00:00+00:00,160.69200000000006,160.72000000000008,160.57600000000008,160.58800000000008,4421.011699164345
2026-03-22T21:00:00+00:00,160.58800000000008,160.73300000000003,160.46400000000003,160.61900000000006,1056.802740981256
2026-03-22T22:00:00+00:00,160.61900000000006,160.87100000000004,160.61900000000006,160.69300000000004,6319
2026-03-22T23:00:00+00:00,160.69300000000004,160.70600000000005,160.50200000000004,160.54400000000004,12744
2026-03-23T00:00:00+00:00,160.54400000000004,160.92100000000005,160.41000000000005,160.89900000000006,18535
2026-03-23T01:00:00+00:00,160.89900000000006,160.92600000000004,160.73600000000005,160.87700000000004,15965
2026-03-23T02:00:00+00:00,160.87700000000004,160.98500000000004,160.81500000000005,160.92200000000005,9791
2026-03-23T03:00:00+00:00,160.92200000000005,161.01700000000005,160.72500000000005,160.85500000000005,8618
2026-03-23T04:00:00+00:00,160.85500000000005,160.85800000000003,160.74300000000005,160.79900000000004,7561
2026-03-23T05:00:00+00:00,160.79900000000004,160.98500000000004,160.75400000000005,160.96800000000005,7730
2026-03-23T06:00:00+00:00,160.96800000000005,161.05500000000004,160.86700000000005,160.86900000000006,13639
2026-03-23T07:00:00+00:00,160.86900000000006,161.02500000000003,160.78200000000004,160.98800000000006,17396
2026-03-23T08:00:00+00:00,160.98800000000006,161.05200000000005,160.71000000000004,160.83800000000005,19908
2026-03-23T09:00:00+00:00,160.83800000000005,161.00200000000004,160.79900000000004,160.94200000000004,16763
2026-03-23T10:00:00+00:00,160.94200000000004,161.02800000000005,160.87700000000004,161.01900000000003,14632
2026-03-23T11:00:00+00:00,161.01900000000003,161.03000000000006,159.64500000000004,160.32800000000003,139088
2026-03-23T12:00:00+00:00,160.32800000000003,160.43800000000005,159.88900000000004,159.90600000000003,71153
2026-03-23T13:00:00+00:00,159.90600000000003,160.12300000000005,159.81800000000004,159.85300000000004,51940
2026-03-23T14:00:00+00:00,159.85300000000004,159.90200000000004,159.59700000000004,159.82900000000004,46759
2026-03-23T15:00:00+00:00,159.82900000000004,160.16500000000005,159.61300000000006,160.09800000000004,41309
2026-03-23T16:00:00+00:00,160.09800000000004,160.24400000000006,159.99100000000004,160.08400000000003,30681
2026-03-23T17:00:00+00:00,160.08400000000003,160.13000000000005,159.80000000000004,159.84200000000004,19586
2026-03-23T18:00:00+00:00,159.84200000000004,159.92400000000004,159.41500000000005,159.47200000000004,17000
2026-03-23T19:00:00+00:00,159.47200000000004,159.81800000000004,159.46300000000005,159.81400000000005,7926
2026-03-23T20:00:00+00:00,159.81400000000005,159.87400000000005,159.78500000000005,159.80800000000005,3816
2026-03-23T21:00:00+00:00,159.80800000000005,159.809,159.65400000000002,159.763,3518.3731255681537
2026-03-23T22:00:00+00:00,159.763,159.8,159.68900000000002,159.726,2945
2026-03-23T23:00:00+00:00,159.726,159.90400000000002,159.669,159.877,8473
2026-03-24T00:00:00+00:00,159.877,160.104,159.83200000000002,159.97500000000002,23293
2026-03-24T01:00:00+00:00,159.97500000000002,160.04000000000002,159.84400000000002,159.983,18299
2026-03-24T02:00:00+00:00,159.983,160.074,159.89600000000002,160.06400000000002,12051
2026-03-24T03:00:00+00:00,160.06400000000002,160.14000000000001,160.008,160.12800000000001,7709
2026-03-24T04:00:00+00:00,160.12800000000001,160.191,160.107,160.151,6577
2026-03-24T05:00:00+00:00,160.151,160.18,159.96800000000002,160.024,11482
2026-03-24T06:00:00+00:00,160.024,160.11200000000002,159.96200000000002,159.99900000000002,12431
2026-03-24T07:00:00+00:00,159.99900000000002,160.037,159.798,159.89200000000002,20688
2026-03-24T08:00:00+00:00,159.89200000000002,160.06400000000002,159.823,160.05100000000002,19435
2026-03-24T09:00:00+00:00,160.05100000000002,160.172,160.01100000000002,160.031,13668
2026-03-24T10:00:00+00:00,160.031,160.19500000000002,160.018,160.086,11362
2026-03-24T11:00:00+00:00,160.086,160.19,160.013,160.167,13576
2026-03-24T12:00:00+00:00,160.167,160.257,160.08700000000002,160.21300000000002,17556
2026-03-24T13:00:00+00:00,160.21300000000002,160.352,160.163,160.20000000000002,22894
2026-03-24T14:00:00+00:00,160.20000000000002,160.20700000000002,159.955,160.12400000000002,29814
2026-03-24T15:00:00+00:00,160.12400000000002,160.3,160.02700000000002,160.3,20753
2026-03-24T16:00:00+00:00,160.3,160.348,160.196,160.316,11612
2026-03-24T17:00:00+00:00,160.316,160.58800000000002,160.316,160.46900000000002,25908
2026-03-24T18:00:00+00:00,160.46900000000002,160.566,160.247,160.37,16941
2026-03-24T19:00:00+00:00,160.37,160.394,160.24800000000002,160.38500000000002,10591
2026-03-24T20:00:00+00:00,160.38500000000002,160.43300000000002,159.762,160.07500000000002,24841
2026-03-24T21:00:00+00:00,160.07500000000002,160.08700000000002,159.961,160.03900000000002,2869
2026-03-24T22:00:00+00:00,160.03900000000002,160.15800000000002,159.99900000000002,160.08200000000002,9564
2026-03-24T23:00:00+00:00,160.08200000000002,160.15800000000002,160.02900000000002,160.09900000000002,11561
2026-03-25T00:00:00+00:00,160.09900000000002,160.234,159.965,160.041,21883
2026-03-25T01:00:00+00:00,160.041,160.15800000000002,160.007,160.11200000000002,14483
2026-03-25T02:00:00+00:00,160.11200000000002,160.23000000000002,160.08,160.20000000000002,8031
2026-03-25T03:00:00+00:00,160.20000000000002,160.222,160.15,160.199,5105
2026-03-25T04:00:00+00:00,160.199,160.34,160.187,160.27700000000002,5585
2026-03-25T05:00:00+00:00,160.27700000000002,160.416,160.27700000000002,160.39000000000001,6890
2026-03-25T06:00:00+00:00,160.39000000000001,160.443,160.35000000000002,160.40300000000002,7686
2026-03-25T07:00:00+00:00,160.40300000000002,160.54500000000002,160.345,160.53300000000002,9469
2026-03-25T08:00:00+00:00,160.53300000000002,160.59900000000002,160.12,160.17100000000002,20910
2026-03-25T09:00:00+00:00,160.17100000000002,160.36,160.12400000000002,160.287,13451
2026-03-25T10:00:00+00:00,160.287,160.371,160.247,160.288,10223
2026-03-25T11:00:00+00:00,160.288,160.348,160.21800000000002,160.246,13273
2026-03-25T12:00:00+00:00,160.246,160.484,160.155,160.42100000000002,23094
2026-03-25T13:00:00+00:00,160.42100000000002,160.559,160.334,160.547,19160
2026-03-25T14:00:00+00:00,160.547,160.601,160.394,160.449,19728
2026-03-25T15:00:00+00:00,160.449,160.64200000000002,160.424,160.604,17194
2026-03-25T16:00:00+00:00,160.604,160.697,160.519,160.64100000000002,17711
2026-03-25T17:00:00+00:00,160.64100000000002,160.68800000000002,160.547,160.65300000000002,13219
2026-03-25T18:00:00+00:00,160.65300000000002,160.846,160.63500000000002,160.81400000000002,9112
2026-03-25T19:00:00+00:00,160.81400000000002,160.89700000000002,160.81400000000002,160.857,6978
2026-03-25T20:00:00+00:00,160.857,160.89100000000002,160.833,160.859,2862
2026-03-25T21:00:00+00:00,160.859,160.859,160.735,160.788,2487
2026-03-25T22:00:00+00:00,160.788,160.864,160.77300000000002,160.80100000000002,5829
2026-03-25T23:00:00+00:00,160.80100000000002,160.827,160.769,160.787,5689
2026-03-26T00:00:00+00:00,160.787,160.9,160.73100000000002,160.87,10340
2026-03-26T01:00:00+00:00,160.87,160.90900000000002,160.781,160.875,10351
2026-03-26T02:00:00+00:00,160.875,160.936,160.834,160.919,5270
2026-03-26T03:00:00+00:00,160.919,160.92600000000002,160.806,160.85000000000002,6825
2026-03-26T04:00:00+00:00,160.85000000000002,160.865,160.76700000000002,160.83100000000002,5303
2026-03-26T05:00:00+00:00,160.83100000000002,160.887,160.769,160.88400000000001,6172
2026-03-26T06:00:00+00:00,160.88400000000001,160.901,160.68200000000002,160.71,7777
2026-03-26T07:00:00+00:00,160.71,160.9,160.698,160.89700000000002,9055
2026-03-26T08:00:00+00:00,160.89700000000002,160.941,160.835,160.86200000000002,10054
2026-03-26T09:00:00+00:00,160.86200000000002,160.934,160.83100000000002,160.89000000000001,6969
2026-03-26T10:00:00+00:00,160.89000000000001,160.94500000000002,160.821,160.887,8557
2026-03-26T11:00:00+00:00,160.887,161.066,160.86800000000002,161.05200000000002,7002
2026-03-26T12:00:00+00:00,161.05200000000002,161.09300000000002,160.95000000000002,161.032,9879
2026-03-26T13:00:00+00:00,161.032,161.054,160.863,160.919,17782
2026-03-26T14:00:00+00:00,160.919,161.002,160.82600000000002,160.949,20251
2026-03-26T15:00:00+00:00,160.949,161.091,160.929,161.05200000000002,15517
2026-03-26T16:00:00+00:00,161.05200000000002,161.098,161.014,161.05700000000002,10350
2026-03-26T17:00:00+00:00,161.05700000000002,161.162,161.03,161.15900000000002,8365
2026-03-26T18:00:00+00:00,161.15900000000002,161.20100000000002,161.11100000000002,161.137,6033
2026-03-26T19:00:00+00:00,161.137,161.23000000000002,161.12800000000001,161.222,6368
2026-03-26T20:00:00+00:00,161.222,161.246,160.73000000000002,161.18200000000002,21087
2026-03-26T21:00:00+00:00,161.18200000000002,161.184,161.002,161.055,1412.0344118277267
2026-03-26T22:00:00+00:00,161.055,161.143,161.048,161.048,3465
2026-03-26T23:00:00+00:00,161.048,161.127,161.031,161.122,4209
2026-03-27T00:00:00+00:00,161.122,161.16,160.883,160.95600000000002,12343
2026-03-27T01:00:00+00:00,160.95600000000002,160.99300000000002,160.853,160.87900000000002,8487
2026-03-27T02:00:00+00:00,160.87900000000002,160.983,160.853,160.925,5878
2026-03-27T03:00:00+00:00,160.925,161.02100000000002,160.901,161.012,4187
2026-03-27T04:00:00+00:00,161.012,161.041,160.95000000000002,161.018,4292
2026-03-27T05:00:00+00:00,161.018,161.04600000000002,160.97,161.02200000000002,6353
2026-03-27T06:00:00+00:00,161.02200000000002,161.16500000000002,160.973,161.144,5421
2026-03-27T07:00:00+00:00,161.144,161.37300000000002,161.13500000000002,161.341,11012
2026-03-27T08:00:00+00:00,161.341,161.34900000000002,161.14700000000002,161.23600000000002,10472
2026-03-27T09:00:00+00:00,161.23600000000002,161.33700000000002,161.161,161.26500000000001,9355
2026-03-27T10:00:00+00:00,161.26500000000001,161.34300000000002,161.17700000000002,161.316,7469
2026-03-27T11:00:00+00:00,161.316,161.334,161.20700000000002,161.25400000000002,7055
2026-03-27T12:00:00+00:00,161.25400000000002,161.327,161.19400000000002,161.27300000000002,10325
2026-03-27T13:00:00+00:00,161.27300000000002,161.346,161.235,161.287,14307
2026-03-27T14:00:00+00:00,161.287,161.318,161.193,161.29600000000002,14047
2026-03-27T15:00:00+00:00,161.29600000000002,161.571,161.09400000000002,161.565,21578
2026-03-27T16:00:00+00:00,161.565,161.693,161.467,161.543,14686
2026-03-27T17:00:00+00:00,161.543,161.81,161.46800000000002,161.735,12815
2026-03-27T18:00:00+00:00,161.735,161.79000000000002,161.638,161.643,8850
2026-03-27T19:00:00+00:00,161.643,161.69,161.536,161.542,5404
2026-03-27T20:00:00+00:00,161.542,161.726,161.50300000000001,161.67399999999992,4459.759858073642
2026-03-29T21:00:00+00:00,161.67399999999992,161.96799999999976,161.57299999999978,161.79099999999977,676.3017105236381
2026-03-29T22:00:00+00:00,161.79099999999977,161.98499999999976,161.72299999999976,161.93199999999976,6804
2026-03-29T23:00:00+00:00,161.93199999999976,161.96999999999977,161.74899999999977,161.75599999999977,8735
2026-03-30T00:00:00+00:00,161.75599999999977,161.77399999999977,161.40099999999975,161.40399999999977,19624
2026-03-30T01:00:00+00:00,161.40399999999977,161.52199999999976,161.36499999999975,161.45199999999977,8491
2026-03-30T02:00:00+00:00,161.45199999999977,161.51299999999978,161.28099999999978,161.36899999999977,8419
2026-03-30T03:00:00+00:00,161.36899999999977,161.36899999999977,161.26199999999977,161.31499999999977,5562
2026-03-30T04:00:00+00:00,161.31499999999977,161.32299999999975,161.17999999999975,161.31599999999978,7159
2026-03-30T05:00:00+00:00,161.31599999999978,161.33299999999977,161.19799999999975,161.25499999999977,8506
2026-03-30T06:00:00+00:00,161.25499999999977,161.35999999999976,161.13499999999976,161.32599999999977,10995
2026-03-30T07:00:00+00:00,161.32599999999977,161.38199999999978,161.09499999999977,161.30399999999977,11832
2026-03-30T08:00:00+00:00,161.30399999999977,161.33599999999976,161.10799999999978,161.21399999999977,10899
2026-03-30T09:00:00+00:00,161.21399999999977,161.24999999999977,161.09999999999977,161.12299999999976,11018
2026-03-30T10:00:00+00:00,161.12299999999976,161.17299999999977,161.01099999999977,161.13199999999978,7440
2026-03-30T11:00:00+00:00,161.13199999999978,161.13199999999978,160.93199999999976,161.04099999999977,15012.434309770215
2026-03-30T12:00:00+00:00,161.04099999999977,161.08499999999978,160.86099999999976,160.89699999999976,11839
2026-03-30T13:00:00+00:00,160.89699999999976,161.07199999999978,160.84999999999977,161.05199999999977,13058
2026-03-30T14:00:00+00:00,161.05199999999977,161.14399999999978,161.01999999999978,161.05999999999977,15857
2026-03-30T15:00:00+00:00,161.05999999999977,161.16499999999976,160.91099999999977,161.00699999999978,10953
2026-03-30T16:00:00+00:00,161.00699999999978,161.03599999999977,160.93799999999976,160.96899999999977,7611
2026-03-30T17:00:00+00:00,160.96899999999977,161.11299999999977,160.93899999999977,161.09399999999977,7445
2026-03-30T18:00:00+00:00,161.09399999999977,161.16499999999976,160.97799999999978,161.14899999999977,6139
2026-03-30T19:00:00+00:00,161.14899999999977,161.23599999999976,161.13799999999978,161.21899999999977,5012
2026-03-30T20:00:00+00:00,161.21899999999977,161.26399999999978,161.16399999999976,161.19399999999976,4108
2026-03-30T21:00:00+00:00,161.19399999999976,161.26399999999978,161.16499999999976,161.25099999999978,2711
2026-03-30T22:00:00+00:00,161.25099999999978,161.33199999999977,161.24299999999977,161.32799999999978,10081
2026-03-30T23:00:00+00:00,161.32799999999978,161.39099999999976,161.32099999999977,161.36799999999977,5448
2026-03-31T00:00:00+00:00,161.36799999999977,161.46499999999978,161.21099999999976,161.40399999999977,18952
2026-03-31T01:00:00+00:00,161.40399999999977,161.49899999999977,161.19099999999978,161.27599999999978,14177
2026-03-31T02:00:00+00:00,161.27599999999978,161.30499999999978,161.11499999999978,161.12799999999976,8723
2026-03-31T03:00:00+00:00,161.12799999999976,161.26799999999977,161.12099999999978,161.24799999999976,4794
2026-03-31T04:00:00+00:00,161.24799999999976,161.25499999999977,161.12999999999977,161.14699999999976,4382
2026-03-31T05:00:00+00:00,161.14699999999976,161.15999999999977,161.00899999999976,161.13699999999977,6777
2026-03-31T06:00:00+00:00,161.13699999999977,161.26799999999977,161.01999999999978,161.25299999999976,10167
2026-03-31T07:00:00+00:00,161.25299999999976,161.31299999999976,161.14899999999977,161.16999999999976,9444
2026-03-31T08:00:00+00:00,161.16999999999976,161.20599999999976,161.04599999999976,161.10099999999977,7698
2026-03-31T09:00:00+00:00,161.10099999999977,161.20099999999977,161.03599999999977,161.17499999999976,6997
2026-03-31T10:00:00+00:00,161.17499999999976,161.29899999999978,161.16399999999976,161.25899999999976,5850
2026-03-31T11:00:00+00:00,161.25899999999976,161.28699999999978,160.88899999999978,160.94299999999976,18902
2026-03-31T12:00:00+00:00,160.94299999999976,161.09099999999978,160.86799999999977,160.89099999999976,18265
2026-03-31T13:00:00+00:00,160.89099999999976,160.96799999999976,160.59899999999976,160.60199999999978,14661
2026-03-31T14:00:00+00:00,160.60199999999978,160.84599999999978,160.57999999999976,160.62599999999978,21978
2026-03-31T15:00:00+00:00,160.62599999999978,160.65099999999978,160.41899999999976,160.60099999999977,20310
2026-03-31T16:00:00+00:00,160.60099999999977,160.72999999999976,160.34699999999978,160.47799999999978,25837
2026-03-31T17:00:00+00:00,160.47799999999978,160.48599999999976,160.27199999999976,160.47299999999976,19835
2026-03-31T18:00:00+00:00,160.47299999999976,160.49199999999976,160.31299999999976,160.39999999999978,11186
2026-03-31T19:00:00+00:00,160.39999999999978,160.52699999999976,160.20699999999977,160.23599999999976,9899
2026-03-31T20:00:00+00:00,160.23599999999976,160.28899999999976,160.17999999999978,160.23599999999976,5806
2026-03-31T21:00:00+00:00,160.23599999999976,160.32399999999973,160.15499999999975,160.2469999999997,6379.912595375709
2026-03-31T22:00:00+00:00,160.2469999999997,160.3949999999997,160.2469999999997,160.3049999999997,3252
2026-03-31T23:00:00+00:00,160.3049999999997,160.3529999999997,160.13499999999968,160.1619999999997,7368
2026-04-01T00:00:00+00:00,160.1619999999997,160.41499999999968,160.02299999999968,160.3599999999997,11073
2026-04-01T01:00:00+00:00,160.3599999999997,160.58799999999968,160.3059999999997,160.33199999999968,12461
2026-04-01T02:00:00+00:00,160.33199999999968,160.36099999999968,160.2329999999997,160.2979999999997,7728
2026-04-01T03:00:00+00:00,160.2979999999997,160.4359999999997,160.15899999999968,160.43299999999968,6188
2026-04-01T04:00:00+00:00,160.43299999999968,160.51099999999968,160.35599999999968,160.3579999999997,4939
2026-04-01T05:00:00+00:00,160.3579999999997,160.49299999999968,160.1939999999997,160.2509999999997,7978
2026-04-01T06:00:00+00:00,160.2509999999997,160.26099999999968,159.8639999999997,159.8809999999997,15424
2026-04-01T07:00:00+00:00,159.8809999999997,160.3639999999997,159.8449999999997,160.3529999999997,17358
2026-04-01T08:00:00+00:00,160.3529999999997,160.44499999999968,159.9949999999997,160.1549999999997,18533
2026-04-01T09:00:00+00:00,160.1549999999997,160.3469999999997,160.0569999999997,160.2869999999997,12328
2026-04-01T10:00:00+00:00,160.2869999999997,160.3069999999997,160.0889999999997,160.09399999999968,11077
2026-04-01T11:00:00+00:00,160.09399999999968,160.12299999999968,159.92099999999968,159.9229999999997,8846
2026-04-01T12:00:00+00:00,159.9229999999997,160.1459999999997,159.8839999999997,160.1029999999997,21043
2026-04-01T13:00:00+00:00,160.1029999999997,160.2469999999997,160.0309999999997,160.1909999999997,18786
2026-04-01T14:00:00+00:00,160.1909999999997,160.3279999999997,160.0379999999997,160.0599999999997,24569
2026-04-01T15:00:00+00:00,160.0599999999997,160.2709999999997,159.9819999999997,160.2059999999997,12606
2026-04-01T16:00:00+00:00,160.2059999999997,160.3049999999997,160.11799999999968,160.12899999999968,9793
2026-04-01T17:00:00+00:00,160.12899999999968,160.29599999999968,160.0209999999997,160.28499999999968,9500
2026-04-01T18:00:00+00:00,160.28499999999968,160.4359999999997,160.2649999999997,160.42699999999968,9986
2026-04-01T19:00:00+00:00,160.42699999999968,160.5189999999997,160.41599999999968,160.46899999999968,7083
2026-04-01T20:00:00+00:00,160.46899999999968,160.48099999999968,160.32599999999968,160.34899999999968,4394
2026-04-01T21:00:00+00:00,160.34899999999968,160.3529999999997,160.15499999999972,160.23199999999972,4764.640412581037
2026-04-01T22:00:00+00:00,160.23199999999972,160.29199999999972,160.13999999999973,160.16299999999973,3952
2026-04-01T23:00:00+00:00,160.16299999999973,160.27099999999973,160.0989999999997,160.27099999999973,6695
2026-04-02T00:00:00+00:00,160.27099999999973,160.3199999999997,160.1349999999997,160.22199999999972,11096
2026-04-02T01:00:00+00:00,160.22199999999972,160.8439999999997,160.15199999999973,160.83999999999972,36762
2026-04-02T02:00:00+00:00,160.83999999999972,161.03299999999973,160.7309999999997,160.97699999999972,12858
2026-04-02T03:00:00+00:00,160.97699999999972,161.00199999999973,160.86599999999973,160.92299999999972,7415
2026-04-02T04:00:00+00:00,160.92299999999972,160.9919999999997,160.88999999999973,160.90199999999973,6981
2026-04-02T05:00:00+00:00,160.90199999999973,161.00099999999972,160.89499999999973,160.9979999999997,6688
2026-04-02T06:00:00+00:00,160.9979999999997,161.02399999999972,160.85999999999973,160.9439999999997,12171
2026-04-02T07:00:00+00:00,160.9439999999997,161.26999999999973,160.9279999999997,161.13099999999972,15086
2026-04-02T08:00:00+00:00,161.13099999999972,161.26199999999972,161.1049999999997,161.2359999999997,7426
2026-04-02T09:00:00+00:00,161.2359999999997,161.28199999999973,161.1239999999997,161.12499999999972,7071
2026-04-02T10:00:00+00:00,161.12499999999972,161.25599999999972,161.10299999999972,161.24099999999973,8186
2026-04-02T11:00:00+00:00,161.24099999999973,161.3019999999997,161.2299999999997,161.26199999999972,7763
2026-04-02T12:00:00+00:00,161.26199999999972,161.2669999999997,161.1169999999997,161.1889999999997,11881
2026-04-02T13:00:00+00:00,161.1889999999997,161.2479999999997,161.0109999999997,161.02499999999972,14270
2026-04-02T14:00:00+00:00,161.02499999999972,161.06099999999972,160.7969999999997,160.91699999999972,28821
2026-04-02T15:00:00+00:00,160.91699999999972,160.9469999999997,160.7889999999997,160.9009999999997,16980.103323402964
2026-04-02T16:00:00+00:00,160.9009999999997,161.0729999999997,160.8719999999997,161.0699999999997,10963
2026-04-02T17:00:00+00:00,161.0699999999997,161.17299999999972,161.0519999999997,161.1529999999997,7424
2026-04-02T18:00:00+00:00,161.1529999999997,161.2869999999997,161.1399999999997,161.1939999999997,7001
2026-04-02T19:00:00+00:00,161.1939999999997,161.2389999999997,161.0999999999997,161.2209999999997,8232
2026-04-02T20:00:00+00:00,161.2209999999997,161.2339999999997,161.1139999999997,161.1479999999997,3242
2026-04-02T21:00:00+00:00,161.1479999999997,161.2419999999997,161.1359999999998,161.15099999999978,787.625416211016
2026-04-02T22:00:00+00:00,161.15099999999978,161.2359999999998,161.1419999999998,161.1619999999998,4424
2026-04-02T23:00:00+00:00,161.1619999999998,161.1659999999998,161.1189999999998,161.1209999999998,4341
2026-04-03T00:00:00+00:00,161.1209999999998,161.2569999999998,161.0609999999998,161.2269999999998,5753
2026-04-03T01:00:00+00:00,161.2269999999998,161.2809999999998,161.1789999999998,161.2779999999998,3604
2026-04-03T02:00:00+00:00,161.2779999999998,161.3499999999998,161.2469999999998,161.3029999999998,5705
2026-04-03T03:00:00+00:00,161.3029999999998,161.3269999999998,161.2059999999998,161.2129999999998,2314
2026-04-03T04:00:00+00:00,161.2129999999998,161.26599999999976,161.17099999999976,161.25699999999978,3056.810157303371
2026-04-03T05:00:00+00:00,161.25699999999978,161.28899999999976,161.23299999999978,161.28299999999976,6062
2026-04-03T06:00:00+00:00,161.28299999999976,161.32599999999977,161.22099999999978,161.26699999999977,2704
2026-04-03T07:00:00+00:00,161.26699999999977,161.26799999999977,161.17799999999977,161.21899999999977,2443
2026-04-03T08:00:00+00:00,161.21899999999977,161.27599999999978,161.19899999999978,161.24199999999976,6881
2026-04-03T09:00:00+00:00,161.24199999999976,161.25199999999978,161.21199999999976,161.22599999999977,3791
2026-04-03T10:00:00+00:00,161.22599999999977,161.24399999999977,161.19799999999978,161.22999999999976,7213
2026-04-03T11:00:00+00:00,161.22999999999976,161.22999999999976,161.17099999999976,161.18999999999977,16107
2026-04-03T12:00:00+00:00,161.18999999999977,161.44899999999978,161.16399999999976,161.25099999999978,13450
2026-04-03T13:00:00+00:00,161.25099999999978,161.26199999999977,161.11699999999976,161.14599999999976,5196
2026-04-03T14:00:00+00:00,161.14599999999976,161.23299999999978,161.12099999999978,161.22799999999978,2607
2026-04-03T15:00:00+00:00,161.22799999999978,161.27999999999977,161.19699999999978,161.27499999999978,3658
2026-04-03T16:00:00+00:00,161.27499999999978,161.28099999999978,161.25699999999978,161.26899999999978,2460
2026-04-03T17:00:00+00:00,161.26899999999978,161.28299999999976,161.2589999999998,161.26699999999977,1606
2026-04-03T18:00:00+00:00,161.26699999999977,161.3099999999998,161.26099999999977,161.2929999999998,1362.2416600020722
2026-04-03T19:00:00+00:00,161.2929999999998,161.30699999999982,161.26599999999982,161.27299999999983,1198
2026-04-03T20:00:00+00:00,161.27299999999983,161.34099999999984,161.01599999999985,161.10899999999987,2087.9685218216127
2026-04-05T21:00:00+00:00,159.55599999999998,159.57100000000003,159.29,159.45900000000003,369.30278461053103
2026-04-05T22:00:00+00:00,159.45900000000003,159.60600000000002,159.26200000000006,159.48100000000002,14124.735659922035
2026-04-05T23:00:00+00:00,159.48100000000002,159.63700000000003,159.41200000000003,159.58500000000004,15677
2026-04-06T00:00:00+00:00,159.58500000000004,159.60700000000003,159.46200000000002,159.55200000000002,9531
2026-04-06T01:00:00+00:00,159.55200000000002,159.55200000000002,159.42200000000003,159.49800000000002,8246
2026-04-06T02:00:00+00:00,159.49800000000002,159.49900000000002,159.33,159.36100000000002,8236
2026-04-06T03:00:00+00:00,159.36100000000002,159.44400000000002,159.33900000000003,159.43000000000004,5040
2026-04-06T04:00:00+00:00,159.43000000000004,159.43700000000004,159.34900000000002,159.37400000000002,4896
2026-04-06T05:00:00+00:00,159.37400000000002,159.38800000000003,159.35600000000002,159.37600000000003,4520
2026-04-06T06:00:00+00:00,159.37600000000003,159.461,159.34900000000002,159.41500000000002,6938
2026-04-06T07:00:00+00:00,159.41500000000002,159.51400000000004,159.14800000000002,159.19200000000004,10656
2026-04-06T08:00:00+00:00,159.19200000000004,159.24200000000002,159.10900000000004,159.193,10240
2026-04-06T09:00:00+00:00,159.193,159.27400000000003,159.15600000000003,159.23800000000003,7866
2026-04-06T10:00:00+00:00,159.23800000000003,159.366,159.21800000000002,159.26600000000002,7689
2026-04-06T11:00:00+00:00,159.26600000000002,159.39200000000002,159.26000000000002,159.36300000000003,5771
2026-04-06T12:00:00+00:00,159.36300000000003,159.37600000000003,159.17200000000003,159.211,7830
2026-04-06T13:00:00+00:00,159.211,159.30800000000002,159.20000000000002,159.27700000000002,9754
2026-04-06T14:00:00+00:00,159.27700000000002,159.52400000000003,159.20100000000002,159.51400000000004,17605
2026-04-06T15:00:00+00:00,159.51400000000004,159.60800000000003,159.50800000000004,159.51100000000002,10311
2026-04-06T16:00:00+00:00,159.51100000000002,159.51500000000001,159.42700000000002,159.48300000000003,6043
2026-04-06T17:00:00+00:00,159.48300000000003,159.60100000000003,159.48300000000003,159.57700000000003,7561
2026-04-06T18:00:00+00:00,159.57700000000003,159.59700000000004,159.39600000000002,159.49200000000002,8405
2026-04-06T19:00:00+00:00,159.49200000000002,159.53900000000002,159.455,159.50100000000003,4475
2026-04-06T20:00:00+00:00,159.50100000000003,159.51800000000003,159.47200000000004,159.48100000000002,2129
2026-04-06T21:00:00+00:00,159.48100000000002,159.53100000000003,159.36100000000002,159.43200000000002,2373.7678179669797
2026-04-06T22:00:00+00:00,159.43200000000002,159.479,159.36900000000003,159.47500000000002,13153
2026-04-06T23:00:00+00:00,159.47500000000002,159.51300000000003,159.45700000000002,159.497,3962
2026-04-07T00:00:00+00:00,159.497,159.64500000000004,159.48200000000003,159.63500000000002,8729
2026-04-07T01:00:00+00:00,159.63500000000002,159.72800000000004,159.59100000000004,159.68900000000002,6942
2026-04-07T02:00:00+00:00,159.68900000000002,159.73600000000002,159.65000000000003,159.67700000000002,3408
2026-04-07T03:00:00+00:00,159.67700000000002,159.68900000000002,159.62400000000002,159.63900000000004,2554
2026-04-07T04:00:00+00:00,159.63900000000004,159.63900000000004,159.53600000000003,159.54100000000003,4584
2026-04-07T05:00:00+00:00,159.54100000000003,159.62100000000004,159.53000000000003,159.57500000000002,5897
2026-04-07T06:00:00+00:00,159.57500000000002,159.61900000000003,159.53700000000003,159.58700000000002,6140
2026-04-07T07:00:00+00:00,159.58700000000002,159.68500000000003,159.58,159.66800000000003,7513
2026-04-07T08:00:00+00:00,159.66800000000003,159.67000000000002,159.28500000000003,159.29700000000003,19456
2026-04-07T09:00:00+00:00,159.29700000000003,159.443,159.27300000000002,159.44200000000004,9598
2026-04-07T10:00:00+00:00,159.44200000000004,159.59700000000004,159.41900000000004,159.59000000000003,18884
2026-04-07T11:00:00+00:00,159.59000000000003,159.67100000000002,159.57200000000003,159.63600000000002,9788
2026-04-07T12:00:00+00:00,159.63600000000002,159.68000000000004,159.51800000000003,159.58400000000003,12007
2026-04-07T13:00:00+00:00,159.58400000000003,159.69800000000004,159.52800000000002,159.69400000000002,11493
2026-04-07T14:00:00+00:00,159.69400000000002,159.77000000000004,159.57800000000003,159.76000000000002,14666
2026-04-07T15:00:00+00:00,159.76000000000002,159.83500000000004,159.67100000000002,159.70400000000004,14586
2026-04-07T16:00:00+00:00,159.70400000000004,159.71500000000003,159.59700000000004,159.711,12072
2026-04-07T17:00:00+00:00,159.711,159.76000000000002,159.50700000000003,159.586,10568
2026-04-07T18:00:00+00:00,159.586,159.67300000000003,159.50200000000004,159.64800000000002,8300
2026-04-07T19:00:00+00:00,159.64800000000002,159.67300000000003,159.348,159.38900000000004,22612
2026-04-07T20:00:00+00:00,159.38900000000004,159.49900000000002,159.30900000000003,159.39700000000002,8240
2026-04-07T21:00:00+00:00,159.39700000000002,159.465,159.376,159.41499999999994,5432.300246928937
2026-04-07T22:00:00+00:00,159.41499999999994,159.62299999999996,158.72199999999995,158.79499999999996,24809
2026-04-07T23:00:00+00:00,158.79499999999996,158.84499999999994,158.47599999999994,158.59399999999994,33042
2026-04-08T00:00:00+00:00,158.59399999999994,158.66399999999996,158.42099999999994,158.56899999999996,31959
2026-04-08T01:00:00+00:00,158.56899999999996,158.59499999999994,158.21799999999996,158.28299999999996,17960
2026-04-08T02:00:00+00:00,158.28299999999996,158.45499999999996,158.16999999999996,158.31199999999995,14425
2026-04-08T03:00:00+00:00,158.31199999999995,158.34199999999996,158.22899999999996,158.32399999999996,9514
2026-04-08T04:00:00+00:00,158.32399999999996,158.33999999999995,158.21999999999994,158.23099999999994,8908
2026-04-08T05:00:00+00:00,158.23099999999994,158.30899999999994,158.02599999999995,158.15699999999995,12617
2026-04-08T06:00:00+00:00,158.15699999999995,158.25299999999996,157.92699999999994,158.07899999999995,16542
2026-04-08T07:00:00+00:00,158.07899999999995,158.24299999999994,157.99099999999996,158.09199999999996,17192
2026-04-08T08:00:00+00:00,158.09199999999996,158.36599999999996,158.00199999999995,158.25199999999995,13250
2026-04-08T09:00:00+00:00,158.25199999999995,158.37399999999994,158.15699999999995,158.36599999999996,11913
2026-04-08T10:00:00+00:00,158.36599999999996,158.41199999999995,158.26099999999994,158.31099999999995,8694
2026-04-08T11:00:00+00:00,158.31099999999995,158.36399999999995,158.09799999999996,158.13299999999995,12255
2026-04-08T12:00:00+00:00,158.13299999999995,158.20199999999994,157.82499999999996,157.89099999999993,23030
2026-04-08T13:00:00+00:00,157.89099999999993,158.20399999999995,157.76199999999994,158.15099999999995,25982
2026-04-08T14:00:00+00:00,158.15099999999995,158.29799999999994,158.06299999999996,158.15799999999996,23300
2026-04-08T15:00:00+00:00,158.15799999999996,158.34399999999994,158.13399999999996,158.26499999999996,16849
2026-04-08T16:00:00+00:00,158.26499999999996,158.37399999999994,158.23199999999994,158.29999999999995,11674
2026-04-08T17:00:00+00:00,158.29999999999995,158.40199999999996,158.26799999999994,158.32399999999996,9869
2026-04-08T18:00:00+00:00,158.32399999999996,158.62199999999996,158.25699999999995,158.61799999999994,14621
2026-04-08T19:00:00+00:00,158.61799999999994,158.67499999999995,158.37699999999995,158.41799999999995,10698
2026-04-08T20:00:00+00:00,158.41799999999995,158.50599999999994,158.39499999999995,158.41299999999995,5299
2026-04-08T21:00:00+00:00,158.41299999999995,158.50999999999996,158.32299999999995,158.34399999999994,3038.7508110027147
2026-04-08T22:00:00+00:00,158.34399999999994,158.46099999999996,158.34399999999994,158.44299999999996,5311.174724099383
2026-04-08T23:00:00+00:00,158.44299999999996,158.55899999999997,158.43399999999994,158.52899999999997,4272.198265347608
2026-04-09T00:00:00+00:00,158.52899999999997,158.74999999999997,158.49599999999998,158.73699999999997,9119
2026-04-09T01:00:00+00:00,158.73699999999997,158.831,158.67,158.70699999999997,7051
2026-04-09T02:00:00+00:00,158.70699999999997,158.736,158.58399999999997,158.59499999999997,5294
2026-04-09T03:00:00+00:00,158.59499999999997,158.68699999999993,158.56899999999993,158.63299999999992,6033.369277721262
2026-04-09T04:00:00+00:00,158.63299999999992,158.63299999999992,158.52399999999992,158.61499999999992,4544
2026-04-09T05:00:00+00:00,158.61499999999992,158.74399999999994,158.59699999999992,158.72499999999994,4687
2026-04-09T06:00:00+00:00,158.72499999999994,158.81099999999992,158.64799999999994,158.66399999999993,8644
2026-04-09T07:00:00+00:00,158.66399999999993,158.85699999999994,158.64699999999993,158.85199999999992,8068
2026-04-09T08:00:00+00:00,158.85199999999992,158.98899999999992,158.78699999999992,158.88299999999992,7959
2026-04-09T09:00:00+00:00,158.88299999999992,158.93799999999993,158.82099999999994,158.86599999999993,7449
2026-04-09T10:00:00+00:00,158.86599999999993,158.96099999999993,158.83499999999992,158.96099999999993,5824
2026-04-09T11:00:00+00:00,158.96099999999993,158.96599999999992,158.71799999999993,158.77299999999994,7316
2026-04-09T12:00:00+00:00,158.77299999999994,158.99199999999993,158.73399999999992,158.88099999999994,12998
2026-04-09T13:00:00+00:00,158.88099999999994,158.97699999999992,158.76899999999992,158.96299999999994,12927
2026-04-09T14:00:00+00:00,158.96299999999994,159.12399999999994,158.87299999999993,159.06899999999993,15007
2026-04-09T15:00:00+00:00,159.06899999999993,159.17799999999994,158.74399999999994,158.74999999999994,21666
2026-04-09T16:00:00+00:00,158.74999999999994,158.77999999999992,158.50899999999993,158.64399999999992,12733
2026-04-09T17:00:00+00:00,158.64399999999992,158.67399999999992,158.55799999999994,158.64699999999993,9147
2026-04-09T18:00:00+00:00,158.64699999999993,158.90599999999992,158.64299999999992,158.89099999999993,10435
2026-04-09T19:00:00+00:00,158.89099999999993,158.97799999999992,158.85499999999993,158.97599999999994,7796
2026-04-09T20:00:00+00:00,158.97599999999994,159.01099999999994,158.80599999999993,158.80599999999993,3195
2026-04-09T21:00:00+00:00,158.80599999999993,158.84499999999994,158.74999999999994,158.83699999999993,1230.4504562208708
2026-04-09T22:00:00+00:00,158.83699999999993,158.98299999999992,158.83699999999993,158.96699999999993,6349
2026-04-09T23:00:00+00:00,158.96699999999993,159.00399999999993,158.92799999999994,158.96999999999994,4788
2026-04-10T00:00:00+00:00,158.96999999999994,159.12399999999994,158.96999999999994,159.06399999999994,8495
2026-04-10T01:00:00+00:00,159.06399999999994,159.10899999999992,158.90299999999993,158.90699999999993,6997
2026-04-10T02:00:00+00:00,158.90699999999993,159.07399999999993,158.90299999999993,159.04099999999994,5488
2026-04-10T03:00:00+00:00,159.04099999999994,159.05599999999993,158.99599999999992,159.01999999999992,4599
2026-04-10T04:00:00+00:00,159.01999999999992,159.09499999999994,159.00499999999994,159.06599999999992,5012
2026-04-10T05:00:00+00:00,159.06599999999992,159.15399999999994,159.06399999999994,159.13899999999992,4246
2026-04-10T06:00:00+00:00,159.13899999999992,159.25799999999992,159.07999999999993,159.15999999999994,7855
2026-04-10T07:00:00+00:00,159.15999999999994,159.22099999999992,159.07299999999992,159.21999999999994,7430
2026-04-10T08:00:00+00:00,159.21999999999994,159.23399999999992,159.12299999999993,159.19699999999992,6417
2026-04-10T09:00:00+00:00,159.19699999999992,159.21099999999993,159.05999999999992,159.12399999999994,12201
2026-04-10T10:00:00+00:00,159.12399999999994,159.17199999999994,159.06099999999992,159.07899999999992,7086
2026-04-10T11:00:00+00:00,159.07899999999992,159.12099999999992,159.04199999999992,159.05899999999994,5431
2026-04-10T12:00:00+00:00,159.05899999999994,159.07199999999992,158.73399999999992,159.03599999999992,13298
2026-04-10T13:00:00+00:00,159.03599999999992,159.08299999999994,158.94899999999993,159.05299999999994,13045
2026-04-10T14:00:00+00:00,159.05299999999994,159.12399999999994,158.97299999999993,159.00699999999992,15561
2026-04-10T15:00:00+00:00,159.00699999999992,159.11599999999993,158.91499999999994,159.10799999999992,11430
2026-04-10T16:00:00+00:00,159.10799999999992,159.23099999999994,159.09699999999992,159.14999999999992,8494
2026-04-10T17:00:00+00:00,159.14999999999992,159.18899999999994,159.12399999999994,159.17599999999993,6048
2026-04-10T18:00:00+00:00,159.17599999999993,159.22199999999992,159.12099999999992,159.16099999999992,8553
2026-04-10T19:00:00+00:00,159.16099999999992,159.19199999999992,159.14299999999992,159.18199999999993,3726
2026-04-10T20:00:00+00:00,159.18199999999993,159.20099999999994,159.11899999999991,159.11999999999995,1962.3749758888962
2026-04-12T21:00:00+00:00,159.11999999999995,159.15699999999995,159.02299999999994,159.07399999999993,986.8249700160698
2026-04-12T22:00:00+00:00,159.07399999999993,159.35799999999992,159.07299999999992,159.31299999999993,7135
2026-04-12T23:00:00+00:00,159.31299999999993,159.36899999999994,159.16199999999992,159.18999999999994,5276
2026-04-13T00:00:00+00:00,159.18999999999994,159.35699999999994,159.17799999999994,159.21399999999994,11630
2026-04-13T01:00:00+00:00,159.21399999999994,159.29599999999994,159.16499999999994,159.19799999999992,7018
2026-04-13T02:00:00+00:00,159.19799999999992,159.26699999999994,159.17399999999992,159.22399999999993,4863
2026-04-13T03:00:00+00:00,159.22399999999993,159.26099999999994,159.18799999999993,159.19299999999993,4166
2026-04-13T04:00:00+00:00,159.19299999999993,159.28599999999992,159.17899999999992,159.23599999999993,4875
2026-04-13T05:00:00+00:00,159.23599999999993,159.26199999999994,159.18299999999994,159.18999999999994,4651
2026-04-13T06:00:00+00:00,159.18999999999994,159.24399999999994,159.06999999999994,159.18899999999994,8670
2026-04-13T07:00:00+00:00,159.18899999999994,159.23299999999992,159.11599999999993,159.11699999999993,8957
2026-04-13T08:00:00+00:00,159.11699999999993,159.23599999999993,159.07999999999993,159.22199999999992,7271
2026-04-13T09:00:00+00:00,159.22199999999992,159.25399999999993,159.18299999999994,159.24599999999992,6414
2026-04-13T10:00:00+00:00,159.24599999999992,159.25199999999992,159.17899999999992,159.20299999999992,6267
2026-04-13T11:00:00+00:00,159.20299999999992,159.36099999999993,159.15599999999992,159.35399999999993,9057
2026-04-13T12:00:00+00:00,159.35399999999993,159.37399999999994,159.19599999999994,159.25399999999993,9466
2026-04-13T13:00:00+00:00,159.25399999999993,159.31299999999993,159.05299999999994,159.05299999999994,15707
2026-04-13T14:00:00+00:00,159.05299999999994,159.17599999999993,159.01899999999992,159.07999999999993,15152
2026-04-13T15:00:00+00:00,159.07999999999993,159.26699999999994,159.07999999999993,159.25599999999994,11997
2026-04-13T16:00:00+00:00,159.25599999999994,159.29899999999992,158.96699999999993,159.03599999999992,18809
2026-04-13T17:00:00+00:00,159.03599999999992,159.04499999999993,158.87099999999992,158.92099999999994,9147
2026-04-13T18:00:00+00:00,158.92099999999994,158.92099999999994,158.80599999999993,158.83699999999993,12541
2026-04-13T19:00:00+00:00,158.83699999999993,158.90599999999992,158.79899999999992,158.89699999999993,7249
2026-04-13T20:00:00+00:00,158.89699999999993,158.97199999999992,158.88399999999993,158.93299999999994,3381
2026-04-13T21:00:00+00:00,158.93299999999994,158.95199999999994,158.81699999999992,158.83999999999992,1559.0367689764553
2026-04-13T22:00:00+00:00,158.83999999999992,158.92699999999994,158.82899999999992,158.87999999999994,2128
2026-04-13T23:00:00+00:00,158.87999999999994,158.89099999999993,158.71699999999993,158.73499999999993,4268
2026-04-14T00:00:00+00:00,158.73499999999993,158.84799999999993,158.65299999999993,158.67399999999992,10723
2026-04-14T01:00:00+00:00,158.67399999999992,158.74299999999994,158.59399999999994,158.72199999999992,9336
2026-04-14T02:00:00+00:00,158.72199999999992,158.77699999999993,158.63599999999994,158.65499999999992,5288
2026-04-14T03:00:00+00:00,158.65499999999992,158.67799999999994,158.58699999999993,158.60299999999992,4652
2026-04-14T04:00:00+00:00,158.60299999999992,158.63099999999994,158.52199999999993,158.53999999999994,4347
2026-04-14T05:00:00+00:00,158.53999999999994,158.66899999999993,158.47099999999992,158.64099999999993,5443
2026-04-14T06:00:00+00:00,158.64099999999993,158.79399999999993,158.62799999999993,158.66899999999993,8115
2026-04-14T07:00:00+00:00,158.66899999999993,158.68099999999993,158.45699999999994,158.57899999999992,14006
2026-04-14T08:00:00+00:00,158.57899999999992,158.68099999999993,158.53799999999993,158.57799999999992,9202
2026-04-14T09:00:00+00:00,158.57799999999992,158.60499999999993,158.36299999999994,158.48599999999993,9837
2026-04-14T10:00:00+00:00,158.48599999999993,158.48999999999992,158.31499999999994,158.33799999999994,7949
2026-04-14T11:00:00+00:00,158.33799999999994,158.34599999999992,158.20899999999992,158.28599999999992,8539
2026-04-14T12:00:00+00:00,158.28599999999992,158.38599999999994,158.20199999999994,158.22599999999994,14551
2026-04-14T13:00:00+00:00,158.22599999999994,158.40799999999993,158.18699999999993,158.37199999999993,14986
2026-04-14T14:00:00+00:00,158.37199999999993,158.37399999999994,158.11299999999994,158.25599999999994,15733
2026-04-14T15:00:00+00:00,158.25599999999994,158.42999999999992,158.25599999999994,158.42399999999992,13895
2026-04-14T16:00:00+00:00,158.42399999999992,158.44799999999992,158.32499999999993,158.34899999999993,6185
2026-04-14T17:00:00+00:00,158.34899999999993,158.40399999999994,158.20999999999992,158.24599999999992,5894
2026-04-14T18:00:00+00:00,158.24599999999992,158.34699999999992,158.19699999999992,158.32599999999994,6367
2026-04-14T19:00:00+00:00,158.32599999999994,158.42499999999993,158.31099999999992,158.37699999999992,4775
2026-04-14T20:00:00+00:00,158.37699999999992,158.40399999999994,158.27999999999992,158.28099999999992,2152
2026-04-14T21:00:00+00:00,158.28099999999992,158.33999999999995,158.23399999999992,158.31199999999995,14051.915683866195
2026-04-14T22:00:00+00:00,158.31199999999995,158.35999999999996,158.28899999999993,158.35799999999995,3257
2026-04-14T23:00:00+00:00,158.35799999999995,158.40299999999993,158.28999999999994,158.32099999999994,4063
2026-04-15T00:00:00+00:00,158.32099999999994,158.40399999999994,158.25699999999995,158.33499999999995,9386
2026-04-15T01:00:00+00:00,158.33499999999995,158.49799999999993,158.33499999999995,158.43199999999993,9460
2026-04-15T02:00:00+00:00,158.43199999999993,158.58499999999995,158.40499999999994,158.55699999999993,5101
2026-04-15T03:00:00+00:00,158.55699999999993,158.56999999999994,158.47499999999994,158.50499999999994,4561
2026-04-15T04:00:00+00:00,158.50499999999994,158.53099999999995,158.47199999999995,158.50499999999994,4002
2026-04-15T05:00:00+00:00,158.50499999999994,158.51999999999995,158.42999999999995,158.48199999999994,4896
2026-04-15T06:00:00+00:00,158.48199999999994,158.54699999999994,158.38199999999995,158.54299999999995,8689
2026-04-15T07:00:00+00:00,158.54299999999995,158.54799999999994,158.40599999999995,158.45099999999994,8831
2026-04-15T08:00:00+00:00,158.45099999999994,158.45599999999993,158.16499999999994,158.29799999999994,10999
2026-04-15T09:00:00+00:00,158.29799999999994,158.45299999999995,158.23599999999993,158.41799999999995,15031
2026-04-15T10:00:00+00:00,158.41799999999995,158.56999999999994,158.34699999999995,158.49499999999995,13689
2026-04-15T11:00:00+00:00,158.49499999999995,158.61399999999995,158.44899999999996,158.54799999999994,11263
2026-04-15T12:00:00+00:00,158.54799999999994,158.67299999999994,158.54699999999994,158.62699999999995,9594
2026-04-15T13:00:00+00:00,158.62699999999995,158.64099999999993,158.50099999999995,158.54599999999994,12690
2026-04-15T14:00:00+00:00,158.54599999999994,158.58299999999994,158.44099999999995,158.50799999999995,12264
2026-04-15T15:00:00+00:00,158.50799999999995,158.54899999999995,158.38399999999996,158.54499999999993,12093
2026-04-15T16:00:00+00:00,158.54499999999993,158.55399999999995,158.27199999999993,158.39999999999995,11069
2026-04-15T17:00:00+00:00,158.39999999999995,158.63099999999994,158.39599999999996,158.62199999999996,6560
2026-04-15T18:00:00+00:00,158.62199999999996,158.64199999999994,158.51899999999995,158.54399999999995,9028
2026-04-15T19:00:00+00:00,158.54399999999995,158.57599999999994,158.46999999999994,158.49799999999993,5197
2026-04-15T20:00:00+00:00,158.49799999999993,158.52399999999994,158.45699999999994,158.45799999999994,4093
2026-04-15T21:00:00+00:00,158.45799999999994,158.49799999999993,158.339,158.39600000000004,3251.422417911836
2026-04-15T22:00:00+00:00,158.39600000000004,158.41100000000006,158.31300000000007,158.35300000000007,2464.8797613975285
2026-04-15T23:00:00+00:00,158.35300000000007,158.37000000000006,158.27900000000008,158.29800000000012,4015.688683831796
2026-04-16T00:00:00+00:00,158.29800000000012,158.33000000000013,158.19500000000014,158.20700000000014,8315
2026-04-16T01:00:00+00:00,158.20700000000014,158.30500000000012,158.15700000000012,158.23000000000013,7210
2026-04-16T02:00:00+00:00,158.23000000000013,158.29300000000012,157.98700000000014,157.9930000000001,7668
2026-04-16T03:00:00+00:00,157.9930000000001,158.15600000000012,157.74200000000013,158.15100000000012,13333
2026-04-16T04:00:00+00:00,158.15100000000012,158.22200000000012,158.13300000000012,158.19500000000014,5954
2026-04-16T05:00:00+00:00,158.19500000000014,158.33700000000013,158.18000000000012,158.33000000000013,6364
2026-04-16T06:00:00+00:00,158.33000000000013,158.4340000000001,158.23300000000012,158.27000000000012,7828
2026-04-16T07:00:00+00:00,158.27000000000012,158.3690000000001,158.20600000000013,158.34600000000012,9627
2026-04-16T08:00:00+00:00,158.34600000000012,158.54000000000013,158.33000000000013,158.46600000000012,9630
2026-04-16T09:00:00+00:00,158.46600000000012,158.54900000000012,158.44200000000012,158.5170000000001,7378
2026-04-16T10:00:00+00:00,158.5170000000001,158.61200000000014,158.49200000000013,158.50300000000013,5706
2026-04-16T11:00:00+00:00,158.50300000000013,158.50300000000013,158.35900000000012,158.4400000000001,8389
2026-04-16T12:00:00+00:00,158.4400000000001,158.59600000000012,158.4100000000001,158.59300000000013,12142
2026-04-16T13:00:00+00:00,158.59300000000013,158.78900000000013,158.46800000000013,158.69900000000013,13290
2026-04-16T14:00:00+00:00,158.69900000000013,158.75400000000013,158.56700000000012,158.74000000000012,15154
2026-04-16T15:00:00+00:00,158.74000000000012,158.7620000000001,158.55600000000013,158.55700000000013,14229
2026-04-16T16:00:00+00:00,158.55700000000013,158.74100000000013,158.5050000000001,158.65900000000013,10500
2026-04-16T17:00:00+00:00,158.65900000000013,158.77200000000013,158.65300000000013,158.73600000000013,6588
2026-04-16T18:00:00+00:00,158.73600000000013,158.73600000000013,158.64100000000013,158.69700000000012,6972
2026-04-16T19:00:00+00:00,158.69700000000012,158.69800000000012,158.57800000000012,158.65500000000011,4854
2026-04-16T20:00:00+00:00,158.65500000000011,158.6780000000001,158.59800000000013,158.59800000000013,2639.9842069512056
2026-04-16T21:00:00+00:00,158.59800000000013,158.64400000000015,158.56100000000012,158.58600000000013,952.8834756314652
2026-04-16T22:00:00+00:00,158.58600000000013,158.6180000000001,158.4990000000001,158.5890000000001,1383
2026-04-16T23:00:00+00:00,158.5890000000001,158.70600000000013,158.5650000000001,158.6840000000001,2638
2026-04-17T00:00:00+00:00,158.6840000000001,158.84200000000013,158.65900000000013,158.81100000000012,7588
2026-04-17T01:00:00+00:00,158.81100000000012,158.90900000000013,158.7790000000001,158.84300000000013,6058
2026-04-17T02:00:00+00:00,158.84300000000013,158.92600000000013,158.84200000000013,158.85500000000013,3727
2026-04-17T03:00:00+00:00,158.85500000000013,158.9460000000001,158.84400000000014,158.86700000000013,3384
2026-04-17T04:00:00+00:00,158.86700000000013,158.96300000000014,158.85300000000012,158.94900000000013,3453
2026-04-17T05:00:00+00:00,158.94900000000013,159.0110000000001,158.93300000000013,158.96000000000012,4349
2026-04-17T06:00:00+00:00,158.96000000000012,158.99800000000013,158.85300000000012,158.88500000000013,8554
2026-04-17T07:00:00+00:00,158.88500000000013,158.88500000000013,158.75800000000012,158.75800000000012,11062
2026-04-17T08:00:00+00:00,158.75800000000012,158.78300000000013,158.62000000000012,158.62200000000013,9228
2026-04-17T09:00:00+00:00,158.62200000000013,158.66900000000012,158.48700000000014,158.52100000000013,8059
2026-04-17T10:00:00+00:00,158.52100000000013,158.65700000000012,158.5110000000001,158.64500000000012,6676
2026-04-17T11:00:00+00:00,158.64500000000012,158.70600000000013,158.62200000000013,158.65600000000012,5447
2026-04-17T12:00:00+00:00,158.65600000000012,158.65900000000013,157.88400000000013,157.89100000000013,30705
2026-04-17T13:00:00+00:00,157.89100000000013,157.9930000000001,157.54800000000012,157.66900000000012,43607
2026-04-17T14:00:00+00:00,157.66900000000012,157.70900000000012,157.06800000000013,157.33200000000014,30122
2026-04-17T15:00:00+00:00,157.33200000000014,157.65700000000012,157.27400000000011,157.58200000000014,28105
2026-04-17T16:00:00+00:00,157.58200000000014,157.68200000000013,157.43900000000014,157.51900000000012,12196
2026-04-17T17:00:00+00:00,157.51900000000012,157.75800000000012,157.51800000000011,157.64600000000013,15205
2026-04-17T18:00:00+00:00,157.64600000000013,157.9460000000001,157.61600000000013,157.91800000000012,9714
2026-04-17T19:00:00+00:00,157.91800000000012,158.06700000000012,157.84700000000012,158.04300000000012,6877
2026-04-17T20:00:00+00:00,158.04300000000012,158.11600000000013,158.01400000000012,158.06700000000012,2982.56221057063
2026-04-19T21:00:00+00:00,158.06700000000012,158.22800000000012,158.06700000000012,158.20600000000013,894.9090043264948
2026-04-19T22:00:00+00:00,158.20600000000013,158.37600000000012,158.20200000000014,158.33900000000014,5744
2026-04-19T23:00:00+00:00,158.33900000000014,158.53200000000012,158.26500000000013,158.48500000000013,7516
2026-04-20T00:00:00+00:00,158.48500000000013,158.53400000000013,158.22200000000012,158.33300000000014,13004
2026-04-20T01:00:00+00:00,158.33300000000014,158.34800000000013,158.16600000000014,158.19100000000012,9209
2026-04-20T02:00:00+00:00,158.19100000000012,158.2440000000001,158.12200000000013,158.21300000000014,5760
2026-04-20T03:00:00+00:00,158.21300000000014,158.26600000000013,158.13400000000013,158.21600000000012,4689
2026-04-20T04:00:00+00:00,158.21600000000012,158.27900000000014,158.17500000000013,158.22900000000013,3660
2026-04-20T05:00:00+00:00,158.22900000000013,158.34000000000012,158.22500000000014,158.28100000000012,6290
2026-04-20T06:00:00+00:00,158.28100000000012,158.32900000000012,158.15200000000013,158.20400000000012,12537
2026-04-20T07:00:00+00:00,158.20400000000012,158.38300000000012,158.06000000000012,158.29800000000012,17380
2026-04-20T08:00:00+00:00,158.29800000000012,158.40700000000012,158.24700000000013,158.31200000000013,10452
2026-04-20T09:00:00+00:00,158.31200000000013,158.36100000000013,158.21300000000014,158.25500000000014,11379
2026-04-20T10:00:00+00:00,158.25500000000014,158.30400000000012,158.19100000000012,158.24200000000013,8346
2026-04-20T11:00:00+00:00,158.24200000000013,158.28900000000013,158.09000000000012,158.17000000000013,9841
2026-04-20T12:00:00+00:00,158.17000000000013,158.30400000000012,158.14100000000013,158.21000000000012,11863
2026-04-20T13:00:00+00:00,158.21000000000012,158.26800000000011,157.89700000000013,157.96400000000014,18435
2026-04-20T14:00:00+00:00,157.96400000000014,158.22500000000014,157.96200000000013,158.05100000000013,21853
2026-04-20T15:00:00+00:00,158.05100000000013,158.12100000000012,157.88300000000012,158.00300000000013,17484
2026-04-20T16:00:00+00:00,158.00300000000013,158.04300000000012,157.94700000000012,157.98600000000013,7796
2026-04-20T17:00:00+00:00,157.98600000000013,158.10200000000012,157.94200000000012,158.09100000000012,7526
2026-04-20T18:00:00+00:00,158.09100000000012,158.2560000000001,157.99900000000014,158.24200000000013,10570
2026-04-20T19:00:00+00:00,158.24200000000013,158.25400000000013,158.13000000000014,158.17200000000014,5692
2026-04-20T20:00:00+00:00,158.17200000000014,158.23700000000014,158.12400000000014,158.13800000000012,4112
2026-04-20T21:00:00+00:00,158.13800000000012,158.1440000000001,157.99400000000026,158.02900000000025,4020.0244958127128
2026-04-20T22:00:00+00:00,158.02900000000025,158.10200000000026,158.01900000000026,158.05700000000022,15370.233361126098
2026-04-20T23:00:00+00:00,158.05700000000022,158.14900000000023,158.04500000000021,158.13700000000023,2714
2026-04-21T00:00:00+00:00,158.13700000000023,158.27900000000022,158.12100000000024,158.23700000000022,7743
2026-04-21T01:00:00+00:00,158.23700000000022,158.26300000000023,158.19700000000023,158.23700000000022,5113
2026-04-21T02:00:00+00:00,158.23700000000022,158.28300000000021,158.20800000000023,158.23800000000023,3130
2026-04-21T03:00:00+00:00,158.23800000000023,158.27800000000022,158.21600000000024,158.27300000000022,2951
2026-04-21T04:00:00+00:00,158.27300000000022,158.27800000000022,158.23400000000024,158.24400000000023,2384
2026-04-21T05:00:00+00:00,158.24400000000023,158.24500000000023,158.13700000000023,158.19400000000022,3701
2026-04-21T06:00:00+00:00,158.19400000000022,158.20300000000023,158.08100000000022,158.10000000000022,9139
2026-04-21T07:00:00+00:00,158.10000000000022,158.31100000000023,158.08900000000023,158.31000000000023,9763
2026-04-21T08:00:00+00:00,158.31000000000023,158.5030000000002,158.30300000000022,158.46000000000024,10178
2026-04-21T09:00:00+00:00,158.46000000000024,158.54300000000023,158.38900000000024,158.48700000000022,7404
2026-04-21T10:00:00+00:00,158.48700000000022,158.51900000000023,158.4730000000002,158.48100000000022,6026
2026-04-21T11:00:00+00:00,158.48100000000022,158.53700000000023,158.32500000000022,158.33300000000023,8478
2026-04-21T12:00:00+00:00,158.33300000000023,158.53000000000023,158.30300000000022,158.46600000000024,11183
2026-04-21T13:00:00+00:00,158.46600000000024,158.4850000000002,158.30200000000022,158.37900000000022,11385
2026-04-21T14:00:00+00:00,158.37900000000022,158.67100000000022,158.32500000000022,158.66100000000023,16953
2026-04-21T15:00:00+00:00,158.66100000000023,158.73100000000022,158.5680000000002,158.68200000000022,15301
2026-04-21T16:00:00+00:00,158.68200000000022,158.79400000000024,158.6340000000002,158.75400000000022,9156
2026-04-21T17:00:00+00:00,158.75400000000022,158.90300000000022,158.45100000000022,158.61100000000022,16138
2026-04-21T18:00:00+00:00,158.61100000000022,158.77900000000022,158.57000000000022,158.66000000000022,13484
2026-04-21T19:00:00+00:00,158.66000000000022,158.92600000000022,158.51400000000024,158.89900000000023,20884
2026-04-21T20:00:00+00:00,158.89900000000023,158.92600000000022,158.57900000000024,158.6100000000002,12877
2026-04-21T21:00:00+00:00,158.6100000000002,158.7110000000002,158.5920000000002,158.67100000000022,11374
2026-04-21T22:00:00+00:00,158.67100000000022,158.7050000000002,158.64300000000023,158.6990000000002,9206.352036444003
2026-04-21T23:00:00+00:00,158.6990000000002,158.74600000000024,158.6460000000002,158.66900000000024,3780
2026-04-22T00:00:00+00:00,158.66900000000024,158.67100000000022,158.46000000000024,158.57900000000024,12556
2026-04-22T01:00:00+00:00,158.57900000000024,158.61900000000023,158.51400000000024,158.54200000000023,5664
2026-04-22T02:00:00+00:00,158.54200000000023,158.66000000000022,158.53600000000023,158.64300000000023,4047
2026-04-22T03:00:00+00:00,158.64300000000023,158.68900000000022,158.62100000000024,158.68300000000022,4275
2026-04-22T04:00:00+00:00,158.68300000000022,158.68300000000022,158.58400000000023,158.63100000000023,3048
2026-04-22T05:00:00+00:00,158.63100000000023,158.63300000000024,158.38800000000023,158.51900000000023,9450
2026-04-22T06:00:00+00:00,158.51900000000023,158.54500000000021,158.41700000000023,158.41700000000023,7353
2026-04-22T07:00:00+00:00,158.41700000000023,158.58500000000024,158.39900000000023,158.51000000000022,8794
2026-04-22T08:00:00+00:00,158.51000000000022,158.65800000000021,158.48900000000023,158.64500000000024,10257
2026-04-22T09:00:00+00:00,158.64500000000024,158.66000000000022,158.60100000000023,158.63000000000022,8904
2026-04-22T10:00:00+00:00,158.63000000000022,158.65600000000023,158.5030000000002,158.5150000000002,7662
2026-04-22T11:00:00+00:00,158.5150000000002,158.5680000000002,158.48100000000022,158.53700000000023,10353
2026-04-22T12:00:00+00:00,158.53700000000023,158.64900000000023,158.43500000000023,158.64700000000022,11503
2026-04-22T13:00:00+00:00,158.64700000000022,158.65500000000023,158.3960000000002,158.46300000000022,19440
2026-04-22T14:00:00+00:00,158.46300000000022,158.68200000000022,158.42700000000022,158.67900000000023,14701
2026-04-22T15:00:00+00:00,158.67900000000023,158.80100000000022,158.65500000000023,158.78500000000022,12895
2026-04-22T16:00:00+00:00,158.78500000000022,158.8180000000002,158.7350000000002,158.79400000000024,8300
2026-04-22T17:00:00+00:00,158.79400000000024,158.81000000000023,158.71200000000022,158.7290000000002,7586
2026-04-22T18:00:00+00:00,158.7290000000002,158.77800000000022,158.70300000000023,158.77000000000024,4811
2026-04-22T19:00:00+00:00,158.77000000000024,158.83900000000023,158.74900000000022,158.83400000000023,3261
2026-04-22T20:00:00+00:00,158.83400000000023,158.86100000000022,158.72500000000022,158.72500000000022,3809
2026-04-22T21:00:00+00:00,158.72500000000022,158.7820000000002,158.67000000000021,158.7230000000002,3525.3108077776405
2026-04-22T22:00:00+00:00,158.7230000000002,158.79900000000026,158.71500000000023,158.78000000000029,1178.0339775732023
2026-04-22T23:00:00+00:00,158.78000000000029,158.8100000000003,158.74700000000024,158.80000000000027,2653.671676300578
2026-04-23T00:00:00+00:00,158.80000000000027,158.99900000000025,158.60600000000025,158.64100000000025,20929
2026-04-23T01:00:00+00:00,158.64100000000025,158.72900000000024,158.60600000000025,158.69100000000026,7794
2026-04-23T02:00:00+00:00,158.69100000000026,158.87600000000026,158.67400000000026,158.84700000000026,7997
2026-04-23T03:00:00+00:00,158.84700000000026,158.86200000000025,158.78400000000025,158.85700000000026,6638
2026-04-23T04:00:00+00:00,158.85700000000026,158.89600000000024,158.82700000000025,158.85700000000026,3813
2026-04-23T05:00:00+00:00,158.85700000000026,158.91500000000025,158.82400000000024,158.84600000000026,3774
2026-04-23T06:00:00+00:00,158.84600000000026,158.97900000000024,158.83400000000026,158.96800000000025,6070
2026-04-23T07:00:00+00:00,158.96800000000025,159.00900000000024,158.90800000000024,158.91100000000026,8800
2026-04-23T08:00:00+00:00,158.91100000000026,159.00800000000027,158.89800000000025,159.00200000000027,8915
2026-04-23T09:00:00+00:00,159.00200000000027,159.05200000000025,158.96400000000025,159.04300000000026,8248
2026-04-23T10:00:00+00:00,159.04300000000026,159.09000000000026,158.97500000000025,159.02600000000027,9655
2026-04-23T11:00:00+00:00,159.02600000000027,159.06200000000027,158.80900000000025,158.86400000000026,12660
2026-04-23T12:00:00+00:00,158.86400000000026,158.91200000000026,158.74700000000024,158.81600000000026,20102
2026-04-23T13:00:00+00:00,158.81600000000026,158.93800000000024,158.77900000000025,158.88600000000025,13222
2026-04-23T14:00:00+00:00,158.88600000000025,158.92900000000026,158.69100000000026,158.70700000000025,14011
2026-04-23T15:00:00+00:00,158.70700000000025,158.79800000000026,158.62500000000026,158.75300000000024,13387
2026-04-23T16:00:00+00:00,158.75300000000024,158.80000000000027,158.73700000000025,158.76800000000026,8808
2026-04-23T17:00:00+00:00,158.76800000000026,159.15800000000024,158.76200000000026,158.86900000000026,31617
2026-04-23T18:00:00+00:00,158.86900000000026,158.94700000000026,158.77700000000024,158.94100000000026,17026
2026-04-23T19:00:00+00:00,158.94100000000026,159.06600000000026,158.91600000000025,159.00900000000024,10675
2026-04-23T20:00:00+00:00,159.00900000000024,159.06400000000025,158.95800000000025,158.95800000000025,4177
2026-04-23T21:00:00+00:00,158.95800000000025,159.07300000000026,158.93900000000025,159.00800000000027,1250.1552558499843
2026-04-23T22:00:00+00:00,159.00800000000027,159.09800000000027,159.00800000000027,159.07600000000028,1163
2026-04-23T23:00:00+00:00,159.07600000000028,159.16100000000026,159.07500000000027,159.12500000000026,2395
2026-04-24T00:00:00+00:00,159.12500000000026,159.18200000000027,159.04700000000025,159.16500000000028,9331
2026-04-24T01:00:00+00:00,159.16500000000028,159.18300000000028,159.12700000000027,159.13000000000028,4852
2026-04-24T02:00:00+00:00,159.13000000000028,159.17200000000025,159.12400000000028,159.14400000000026,3279
2026-04-24T03:00:00+00:00,159.14400000000026,159.21400000000025,159.13800000000026,159.16500000000028,5076
2026-04-24T04:00:00+00:00,159.16500000000028,159.17300000000026,159.10000000000028,159.15000000000026,4540
2026-04-24T05:00:00+00:00,159.15000000000026,159.18900000000028,159.12300000000027,159.14300000000026,4337
2026-04-24T06:00:00+00:00,159.14300000000026,159.16600000000025,158.97600000000025,159.06100000000026,8765
2026-04-24T07:00:00+00:00,159.06100000000026,159.09100000000026,159.00200000000027,159.04300000000026,7080
2026-04-24T08:00:00+00:00,159.04300000000026,159.13500000000028,159.03600000000026,159.09200000000027,10377
2026-04-24T09:00:00+00:00,159.09200000000027,159.13400000000027,159.06300000000027,159.11800000000028,6632
2026-04-24T10:00:00+00:00,159.11800000000028,159.14400000000026,159.01800000000026,159.02500000000026,5881
2026-04-24T11:00:00+00:00,159.02500000000026,159.04800000000026,158.70900000000026,158.80100000000027,20296
2026-04-24T12:00:00+00:00,158.80100000000027,158.99800000000027,158.74900000000028,158.92500000000027,13572
2026-04-24T13:00:00+00:00,158.92500000000027,159.02500000000026,158.84700000000026,158.96300000000028,15229
2026-04-24T14:00:00+00:00,158.96300000000028,159.01500000000027,158.75200000000027,158.88500000000028,20169
2026-04-24T15:00:00+00:00,158.88500000000028,158.96100000000027,158.70300000000026,158.72800000000026,18735
2026-04-24T16:00:00+00:00,158.72800000000026,158.79200000000026,158.68500000000026,158.72900000000027,10662
2026-04-24T17:00:00+00:00,158.72900000000027,158.80300000000025,158.68000000000026,158.78700000000026,8120
2026-04-24T18:00:00+00:00,158.78700000000026,158.83800000000028,158.77100000000027,158.79800000000026,6310
2026-04-24T19:00:00+00:00,158.79800000000026,158.82200000000026,158.74600000000027,158.78800000000027,4684
2026-04-24T20:00:00+00:00,158.78800000000027,158.80000000000027,158.64900000000029,158.64900000000029,1935.2587637872666
2026-04-26T21:00:00+00:00,158.64900000000029,158.65000000000032,158.54600000000028,158.5610000000003,424.36124587433125
2026-04-26T22:00:00+00:00,158.5610000000003,158.64700000000028,158.5420000000003,158.60100000000028,3460.6697289848416
2026-04-26T23:00:00+00:00,158.60100000000028,158.65300000000028,158.5600000000003,158.6380000000003,3292
2026-04-27T00:00:00+00:00,158.6380000000003,158.6390000000003,158.50400000000027,158.53600000000029,6438
2026-04-27T01:00:00+00:00,158.53600000000029,158.53600000000029,158.30900000000028,158.38600000000028,11061
2026-04-27T02:00:00+00:00,158.38600000000028,158.4200000000003,158.3230000000003,158.35700000000028,5237
2026-04-27T03:00:00+00:00,158.35700000000028,158.36900000000028,158.24900000000028,158.2830000000003,6226
2026-04-27T04:00:00+00:00,158.2830000000003,158.31500000000028,158.20700000000028,158.2920000000003,4968
2026-04-27T05:00:00+00:00,158.2920000000003,158.47500000000028,158.2880000000003,158.46800000000027,5098
2026-04-27T06:00:00+00:00,158.46800000000027,158.5390000000003,158.31500000000028,158.32000000000028,8634
2026-04-27T07:00:00+00:00,158.32000000000028,158.3580000000003,158.2400000000003,158.28500000000028,8594
2026-04-27T08:00:00+00:00,158.28500000000028,158.32700000000028,158.1670000000003,158.20600000000027,9437
2026-04-27T09:00:00+00:00,158.20600000000027,158.2890000000003,158.14900000000029,158.2810000000003,6780
2026-04-27T10:00:00+00:00,158.2810000000003,158.3280000000003,158.1880000000003,158.20600000000027,6026
2026-04-27T11:00:00+00:00,158.20600000000027,158.2690000000003,158.16100000000029,158.2520000000003,6816
2026-04-27T12:00:00+00:00,158.2520000000003,158.29000000000028,158.1620000000003,158.28600000000029,10151
2026-04-27T13:00:00+00:00,158.28600000000029,158.3420000000003,158.20000000000027,158.31500000000028,11457
2026-04-27T14:00:00+00:00,158.31500000000028,158.3470000000003,158.1640000000003,158.27300000000028,11288
2026-04-27T15:00:00+00:00,158.27300000000028,158.3700000000003,158.26800000000028,158.3520000000003,9876
2026-04-27T16:00:00+00:00,158.3520000000003,158.4420000000003,158.3340000000003,158.4410000000003,6569
2026-04-27T17:00:00+00:00,158.4410000000003,158.51800000000028,158.40300000000028,158.4410000000003,6333
2026-04-27T18:00:00+00:00,158.4410000000003,158.5080000000003,158.44000000000028,158.49900000000028,6207
2026-04-27T19:00:00+00:00,158.49900000000028,158.50400000000027,158.4240000000003,158.47600000000028,3801
2026-04-27T20:00:00+00:00,158.47600000000028,158.4840000000003,158.4360000000003,158.4660000000003,2184
2026-04-27T21:00:00+00:00,158.4660000000003,158.4950000000003,158.41100000000029,158.4660000000003,990.2924898974193
2026-04-27T22:00:00+00:00,158.4660000000003,158.5500000000003,158.4640000000003,158.5020000000003,1947
2026-04-27T23:00:00+00:00,158.5020000000003,158.5430000000003,158.4470000000003,158.4590000000003,2236
2026-04-28T00:00:00+00:00,158.4590000000003,158.5800000000003,158.4030000000003,158.5620000000003,6080
2026-04-28T01:00:00+00:00,158.5620000000003,158.6450000000003,158.5590000000003,158.6440000000003,4993
2026-04-28T02:00:00+00:00,158.6440000000003,158.6620000000003,158.5820000000003,158.6020000000003,3528
2026-04-28T03:00:00+00:00,158.6020000000003,158.65500000000029,158.0740000000003,158.1690000000003,13201
2026-04-28T04:00:00+00:00,158.1690000000003,158.1820000000003,158.0520000000003,158.1760000000003,6038
2026-04-28T05:00:00+00:00,158.1760000000003,158.3050000000003,158.1470000000003,158.2890000000003,6147
2026-04-28T06:00:00+00:00,158.2890000000003,158.4540000000003,158.12500000000028,158.4470000000003,12521
2026-04-28T07:00:00+00:00,158.4470000000003,158.6390000000003,158.3620000000003,158.6290000000003,11781
2026-04-28T08:00:00+00:00,158.6290000000003,158.7790000000003,158.5490000000003,158.5690000000003,13548
2026-04-28T09:00:00+00:00,158.5690000000003,158.6880000000003,158.5100000000003,158.6660000000003,10302
2026-04-28T10:00:00+00:00,158.6660000000003,158.7410000000003,158.6290000000003,158.7290000000003,7505
2026-04-28T11:00:00+00:00,158.7290000000003,158.88100000000028,158.6960000000003,158.8520000000003,7780
2026-04-28T12:00:00+00:00,158.8520000000003,158.8770000000003,158.5080000000003,158.5570000000003,17134
2026-04-28T13:00:00+00:00,158.5570000000003,158.7000000000003,158.5270000000003,158.60700000000028,19266
2026-04-28T14:00:00+00:00,158.60700000000028,158.8450000000003,158.6010000000003,158.8150000000003,20691
2026-04-28T15:00:00+00:00,158.8150000000003,158.8160000000003,158.6220000000003,158.6360000000003,15141
2026-04-28T16:00:00+00:00,158.6360000000003,158.7180000000003,158.6030000000003,158.6540000000003,9428
2026-04-28T17:00:00+00:00,158.6540000000003,158.7200000000003,158.6020000000003,158.6360000000003,6025
2026-04-28T18:00:00+00:00,158.6360000000003,158.7220000000003,158.6120000000003,158.7130000000003,5914
2026-04-28T19:00:00+00:00,158.7130000000003,158.78000000000029,158.6720000000003,158.7520000000003,3968
2026-04-28T20:00:00+00:00,158.7520000000003,158.7570000000003,158.6860000000003,158.7050000000003,2374
2026-04-28T21:00:00+00:00,158.7050000000003,158.7100000000003,158.5840000000003,158.62400000000028,2787.574597409989
2026-04-28T22:00:00+00:00,158.62400000000028,158.68900000000028,158.61800000000028,158.6560000000003,930
2026-04-28T23:00:00+00:00,158.6560000000003,158.6810000000003,158.62300000000027,158.64300000000028,2681
2026-04-29T00:00:00+00:00,158.64300000000028,158.6810000000003,158.6030000000003,158.63500000000028,7199
2026-04-29T01:00:00+00:00,158.63500000000028,158.75000000000028,158.61100000000027,158.6970000000003,10811
2026-04-29T02:00:00+00:00,158.6970000000003,158.71900000000028,158.6570000000003,158.7090000000003,4775
2026-04-29T03:00:00+00:00,158.7090000000003,158.72400000000027,158.6740000000003,158.7030000000003,3103
2026-04-29T04:00:00+00:00,158.7030000000003,158.7340000000003,158.70200000000028,158.72300000000027,2453
2026-04-29T05:00:00+00:00,158.72300000000027,158.8000000000003,158.71900000000028,158.79600000000028,3916
2026-04-29T06:00:00+00:00,158.79600000000028,158.82100000000028,158.6910000000003,158.74200000000027,7112
2026-04-29T07:00:00+00:00,158.74200000000027,158.7880000000003,158.7050000000003,158.75600000000028,9928
2026-04-29T08:00:00+00:00,158.75600000000028,158.87200000000027,158.72300000000027,158.86800000000028,11536
2026-04-29T09:00:00+00:00,158.86800000000028,158.92800000000028,158.8360000000003,158.9180000000003,7842
2026-04-29T10:00:00+00:00,158.9180000000003,158.9240000000003,158.8340000000003,158.83900000000028,6029
2026-04-29T11:00:00+00:00,158.83900000000028,158.93800000000027,158.8220000000003,158.9310000000003,7867
2026-04-29T12:00:00+00:00,158.9310000000003,159.06300000000027,158.9010000000003,159.0620000000003,10226
2026-04-29T13:00:00+00:00,159.0620000000003,159.27400000000029,159.03500000000028,159.2690000000003,18211
2026-04-29T14:00:00+00:00,159.2690000000003,159.2870000000003,159.09400000000028,159.1870000000003,20332
2026-04-29T15:00:00+00:00,159.1870000000003,159.41000000000028,159.1800000000003,159.31900000000027,19984
2026-04-29T16:00:00+00:00,159.31900000000027,159.40300000000028,159.2520000000003,159.39600000000027,12314
2026-04-29T17:00:00+00:00,159.39600000000027,159.45100000000028,159.24700000000027,159.2570000000003,11447
2026-04-29T18:00:00+00:00,159.2570000000003,159.5130000000003,159.24700000000027,159.43100000000027,26174.06914176688
2026-04-29T19:00:00+00:00,159.43100000000027,159.52600000000027,159.36900000000028,159.4650000000003,16724
2026-04-29T20:00:00+00:00,159.4650000000003,159.55600000000027,159.43800000000027,159.51800000000028,5528
2026-04-29T21:00:00+00:00,159.51800000000028,159.51800000000028,159.3380000000002,159.40300000000016,1587.9615410814827
2026-04-29T22:00:00+00:00,159.40300000000016,159.50700000000018,159.38800000000018,159.39600000000016,2831.3306869175008
2026-04-29T23:00:00+00:00,159.39600000000016,159.41400000000016,159.21900000000016,159.26300000000018,6144
2026-04-30T00:00:00+00:00,159.26300000000018,159.36900000000017,159.13800000000018,159.36200000000017,14720
2026-04-30T01:00:00+00:00,159.36200000000017,159.38500000000016,159.27700000000016,159.29300000000018,10321
2026-04-30T02:00:00+00:00,159.29300000000018,159.46800000000016,159.27800000000016,159.41100000000017,9654
2026-04-30T03:00:00+00:00,159.41100000000017,159.49200000000016,159.38700000000017,159.49100000000016,6147
2026-04-30T04:00:00+00:00,159.49100000000016,159.64700000000016,159.42900000000017,159.60000000000016,9406
2026-04-30T05:00:00+00:00,159.60000000000016,159.72300000000016,159.53000000000017,159.72300000000016,7372
2026-04-30T06:00:00+00:00,159.72300000000016,159.79000000000016,159.59900000000016,159.67800000000017,12392
2026-04-30T07:00:00+00:00,159.67800000000017,159.68600000000018,158.85100000000017,159.19900000000015,17309
2026-04-30T08:00:00+00:00,159.19900000000015,159.23800000000017,158.51700000000017,158.65200000000016,37067
2026-04-30T09:00:00+00:00,158.65200000000016,158.65800000000016,158.28900000000016,158.40700000000015,29047
2026-04-30T10:00:00+00:00,158.40700000000015,158.42000000000016,156.04900000000018,156.23300000000017,89633
2026-04-30T11:00:00+00:00,156.23300000000017,156.53400000000016,154.60100000000017,155.44200000000018,94079
2026-04-30T12:00:00+00:00,155.44200000000018,156.17200000000017,155.40900000000016,155.88800000000018,36574
2026-04-30T13:00:00+00:00,155.88800000000018,156.02400000000017,155.26700000000017,155.98700000000017,36103
2026-04-30T14:00:00+00:00,155.98700000000017,156.02600000000015,155.52800000000016,155.74200000000016,32460
2026-04-30T15:00:00+00:00,155.74200000000016,155.89900000000017,155.66700000000017,155.73100000000017,21552
2026-04-30T16:00:00+00:00,155.73100000000017,155.80700000000016,155.57100000000017,155.64300000000017,13113
2026-04-30T17:00:00+00:00,155.64300000000017,155.76400000000015,155.49300000000017,155.55000000000015,14119
2026-04-30T18:00:00+00:00,155.55000000000015,155.55100000000016,155.38100000000017,155.48000000000016,12809
2026-04-30T19:00:00+00:00,155.48000000000016,155.63600000000017,155.37000000000018,155.63400000000016,14420
2026-04-30T20:00:00+00:00,155.63400000000016,155.69300000000015,155.57500000000016,155.65800000000016,6061
2026-04-30T21:00:00+00:00,155.65800000000016,155.76100000000014,155.54100000000014,155.69600000000014,3112.8600941322834
2026-04-30T22:00:00+00:00,155.69600000000014,155.87400000000014,155.69000000000014,155.7870000000001,2531.035583132835
2026-04-30T23:00:00+00:00,155.7870000000001,156.1440000000001,155.7660000000001,156.1110000000001,9138
2026-05-01T00:00:00+00:00,156.1110000000001,156.4300000000001,156.0870000000001,156.2020000000001,23026
2026-05-01T01:00:00+00:00,156.2020000000001,156.3800000000001,156.1700000000001,156.3190000000001,14479
2026-05-01T02:00:00+00:00,156.3190000000001,156.4520000000001,156.2520000000001,156.3610000000001,8232
2026-05-01T03:00:00+00:00,156.3610000000001,156.4140000000001,156.1130000000001,156.3110000000001,8481
2026-05-01T04:00:00+00:00,156.3110000000001,156.4030000000001,156.2360000000001,156.3690000000001,7123
2026-05-01T05:00:00+00:00,156.3690000000001,156.4220000000001,156.3260000000001,156.4030000000001,6097
2026-05-01T06:00:00+00:00,156.4030000000001,156.4180000000001,154.6130000000001,155.0870000000001,25089
2026-05-01T07:00:00+00:00,155.0870000000001,155.8430000000001,154.9820000000001,155.7440000000001,36713
2026-05-01T08:00:00+00:00,155.7440000000001,155.7810000000001,155.3820000000001,155.5940000000001,15466
2026-05-01T09:00:00+00:00,155.5940000000001,155.8830000000001,155.5480000000001,155.7040000000001,11107
2026-05-01T10:00:00+00:00,155.7040000000001,155.7510000000001,155.6090000000001,155.7140000000001,6212
2026-05-01T11:00:00+00:00,155.7140000000001,155.7470000000001,155.5580000000001,155.7060000000001,8146
2026-05-01T12:00:00+00:00,155.7060000000001,155.7670000000001,155.5070000000001,155.7200000000001,18210
2026-05-01T13:00:00+00:00,155.7200000000001,155.8800000000001,155.4540000000001,155.6120000000001,21746
2026-05-01T14:00:00+00:00,155.6120000000001,155.8470000000001,155.4890000000001,155.7630000000001,27705
2026-05-01T15:00:00+00:00,155.7630000000001,156.0150000000001,155.7450000000001,155.8850000000001,21016
2026-05-01T16:00:00+00:00,155.8850000000001,156.0670000000001,155.7910000000001,156.0650000000001,14383
2026-05-01T17:00:00+00:00,156.0650000000001,156.1520000000001,155.9750000000001,156.0560000000001,9068
2026-05-01T18:00:00+00:00,156.0560000000001,156.2450000000001,156.0340000000001,156.1390000000001,10371
2026-05-01T19:00:00+00:00,156.1390000000001,156.2150000000001,156.1250000000001,156.1870000000001,3926
2026-05-01T20:00:00+00:00,156.1870000000001,156.2060000000001,156.0840000000001,156.14500000000012,4031.437033952837
2026-05-03T21:00:00+00:00,156.14500000000012,156.18800000000016,156.08200000000016,156.09200000000013,660.0397629015242
2026-05-03T22:00:00+00:00,156.09200000000013,156.34700000000012,156.09200000000013,156.25300000000013,3437
2026-05-03T23:00:00+00:00,156.25300000000013,156.32300000000012,156.2130000000001,156.32200000000012,3742
2026-05-04T00:00:00+00:00,156.32200000000012,156.41500000000013,156.28600000000012,156.32900000000012,11452
2026-05-04T01:00:00+00:00,156.32900000000012,156.5000000000001,156.01400000000012,156.45900000000012,14071
2026-05-04T02:00:00+00:00,156.45900000000012,156.6180000000001,156.4450000000001,156.54600000000013,9212
2026-05-04T03:00:00+00:00,156.54600000000013,156.66800000000012,155.1070000000001,155.62300000000013,33021
2026-05-04T04:00:00+00:00,155.62300000000013,156.2130000000001,155.55200000000013,156.1480000000001,14460
2026-05-04T05:00:00+00:00,156.1480000000001,156.28300000000013,155.94700000000012,156.20400000000012,12910
2026-05-04T06:00:00+00:00,156.20400000000012,156.35800000000012,156.15200000000013,156.34200000000013,12167
2026-05-04T07:00:00+00:00,156.34200000000013,156.4040000000001,156.2380000000001,156.3140000000001,9767
2026-05-04T08:00:00+00:00,156.3140000000001,156.40000000000012,156.30600000000013,156.37200000000013,11105
2026-05-04T09:00:00+00:00,156.37200000000013,156.4340000000001,156.31200000000013,156.3870000000001,10503
2026-05-04T10:00:00+00:00,156.3870000000001,156.62300000000013,156.37700000000012,156.53600000000012,28329
2026-05-04T11:00:00+00:00,156.53600000000012,156.60400000000013,156.4820000000001,156.5940000000001,15604
2026-05-04T12:00:00+00:00,156.5940000000001,156.6010000000001,156.44300000000013,156.5590000000001,16630
2026-05-04T13:00:00+00:00,156.5590000000001,156.60300000000012,156.39000000000013,156.43600000000012,22530
2026-05-04T14:00:00+00:00,156.43600000000012,156.5770000000001,156.3450000000001,156.5110000000001,19097
2026-05-04T15:00:00+00:00,156.5110000000001,156.71800000000013,156.36000000000013,156.6180000000001,22728
2026-05-04T16:00:00+00:00,156.6180000000001,156.72400000000013,156.55400000000012,156.6890000000001,20980
2026-05-04T17:00:00+00:00,156.6890000000001,156.7070000000001,156.58600000000013,156.6480000000001,12523
2026-05-04T18:00:00+00:00,156.6480000000001,156.69900000000013,155.95500000000013,156.14600000000013,12691
2026-05-04T19:00:00+00:00,156.14600000000013,156.55200000000013,156.14600000000013,156.51800000000011,13955
2026-05-04T20:00:00+00:00,156.51800000000011,156.7080000000001,156.51800000000011,156.63800000000012,5305
2026-05-04T21:00:00+00:00,156.63800000000012,156.63800000000012,156.52200000000013,156.53900000000016,1054.9754217079656
2026-05-04T22:00:00+00:00,156.53900000000016,156.69000000000014,156.53800000000015,156.65000000000015,1285
2026-05-04T23:00:00+00:00,156.65000000000015,156.65600000000015,156.59000000000015,156.63600000000014,2712
2026-05-05T00:00:00+00:00,156.63600000000014,156.67400000000015,156.58700000000013,156.63100000000014,6946
2026-05-05T01:00:00+00:00,156.63100000000014,156.68900000000014,156.60700000000014,156.63000000000014,6079
2026-05-05T02:00:00+00:00,156.63000000000014,156.65100000000015,156.60600000000014,156.64100000000013,4604
2026-05-05T03:00:00+00:00,156.64100000000013,156.68800000000013,156.63200000000015,156.68600000000015,2392
2026-05-05T04:00:00+00:00,156.68600000000015,156.71800000000013,156.65500000000014,156.70500000000015,3189
2026-05-05T05:00:00+00:00,156.70500000000015,156.71900000000014,156.63100000000014,156.69800000000015,7492
2026-05-05T06:00:00+00:00,156.69800000000015,156.72100000000015,156.61000000000016,156.64300000000014,8600
2026-05-05T07:00:00+00:00,156.64300000000014,156.65900000000013,156.49500000000015,156.65700000000015,11848
2026-05-05T08:00:00+00:00,156.65700000000015,156.70500000000015,156.62200000000016,156.69900000000015,6231
2026-05-05T09:00:00+00:00,156.69900000000015,157.31200000000015,156.51400000000015,156.92900000000014,20165
2026-05-05T10:00:00+00:00,156.92900000000014,157.08900000000014,156.90800000000016,157.03400000000013,7601
2026-05-05T11:00:00+00:00,157.03400000000013,157.21100000000015,157.02900000000014,157.16400000000016,8072
2026-05-05T12:00:00+00:00,157.16400000000016,157.25900000000016,157.05600000000015,157.18700000000015,17377
2026-05-05T13:00:00+00:00,157.18700000000015,157.21500000000015,157.09200000000016,157.17200000000014,14515
2026-05-05T14:00:00+00:00,157.17200000000014,157.24700000000016,157.09000000000015,157.09900000000013,19654
2026-05-05T15:00:00+00:00,157.09900000000013,157.15100000000015,157.02600000000015,157.09900000000013,13843
2026-05-05T16:00:00+00:00,157.09900000000013,157.22100000000015,157.07200000000014,157.20800000000014,6555
2026-05-05T17:00:00+00:00,157.20800000000014,157.30500000000015,157.18800000000013,157.27000000000015,6729
2026-05-05T18:00:00+00:00,157.27000000000015,157.33900000000014,157.25500000000014,157.29500000000016,4480
2026-05-05T19:00:00+00:00,157.29500000000016,157.33500000000015,157.28000000000014,157.30200000000013,4351
2026-05-05T20:00:00+00:00,157.30200000000013,157.31800000000015,157.25900000000016,157.29100000000014,3582
2026-05-05T21:00:00+00:00,157.29100000000014,157.3090000000002,157.21200000000013,157.3070000000002,510.1451836744625
2026-05-05T22:00:00+00:00,157.3070000000002,157.3540000000002,157.0020000000002,157.1430000000002,5002
2026-05-05T23:00:00+00:00,157.1430000000002,157.1500000000002,156.9620000000002,157.0980000000002,10441
2026-05-06T00:00:00+00:00,157.0980000000002,157.1270000000002,156.9710000000002,157.0120000000002,18993
2026-05-06T01:00:00+00:00,157.0120000000002,157.1160000000002,156.9970000000002,157.1160000000002,12541
2026-05-06T02:00:00+00:00,157.1160000000002,157.2500000000002,157.0720000000002,157.2340000000002,8178
2026-05-06T03:00:00+00:00,157.2340000000002,157.3100000000002,157.1430000000002,157.1940000000002,8132
2026-05-06T04:00:00+00:00,157.1940000000002,157.2440000000002,154.4440000000002,155.3530000000002,76683
2026-05-06T05:00:00+00:00,155.3530000000002,155.8060000000002,155.1680000000002,155.7340000000002,30442
2026-05-06T06:00:00+00:00,155.7340000000002,155.8750000000002,155.7220000000002,155.8060000000002,17412
2026-05-06T07:00:00+00:00,155.8060000000002,155.9860000000002,155.1420000000002,155.2330000000002,22156
2026-05-06T08:00:00+00:00,155.2330000000002,155.7130000000002,155.1730000000002,155.3960000000002,38199
2026-05-06T09:00:00+00:00,155.3960000000002,155.5260000000002,155.3340000000002,155.3450000000002,24565
2026-05-06T10:00:00+00:00,155.3450000000002,155.5410000000002,155.0320000000002,155.1750000000002,28099
2026-05-06T11:00:00+00:00,155.1750000000002,155.5230000000002,155.1180000000002,155.5040000000002,33001
2026-05-06T12:00:00+00:00,155.5040000000002,155.7270000000002,155.5030000000002,155.6990000000002,23940
2026-05-06T13:00:00+00:00,155.6990000000002,155.7340000000002,155.4700000000002,155.5340000000002,25493
2026-05-06T14:00:00+00:00,155.5340000000002,155.7150000000002,155.4650000000002,155.6980000000002,23383
2026-05-06T15:00:00+00:00,155.6980000000002,155.8780000000002,155.6880000000002,155.8580000000002,18170
2026-05-06T16:00:00+00:00,155.8580000000002,155.9090000000002,155.78300000000021,155.8480000000002,13510
2026-05-06T17:00:00+00:00,155.8480000000002,155.9330000000002,155.7710000000002,155.9060000000002,9320
2026-05-06T18:00:00+00:00,155.9060000000002,155.9070000000002,155.7790000000002,155.8230000000002,10536
2026-05-06T19:00:00+00:00,155.8230000000002,155.8610000000002,155.7690000000002,155.8400000000002,10815
2026-05-06T20:00:00+00:00,155.8400000000002,155.8730000000002,155.7100000000002,155.7480000000002,8049
2026-05-06T21:00:00+00:00,155.7480000000002,155.7520000000002,155.64100000000028,155.65400000000025,1267.8277480625497
2026-05-06T22:00:00+00:00,155.65400000000025,155.80900000000025,155.65400000000025,155.76300000000026,4072.3925647867577
2026-05-06T23:00:00+00:00,155.76300000000026,155.95000000000027,155.7040000000003,155.94400000000027,4518.825074825408
2026-05-07T00:00:00+00:00,155.94400000000027,155.95000000000027,155.6390000000003,155.74800000000027,17986
2026-05-07T01:00:00+00:00,155.74800000000027,155.77800000000028,155.44900000000027,155.64100000000028,14283
2026-05-07T02:00:00+00:00,155.64100000000028,155.7750000000003,155.57500000000027,155.76200000000028,9103
2026-05-07T03:00:00+00:00,155.76200000000028,155.86000000000027,155.73000000000027,155.83900000000028,5386
2026-05-07T04:00:00+00:00,155.83900000000028,155.8420000000003,155.73200000000028,155.7830000000003,6125
2026-05-07T05:00:00+00:00,155.7830000000003,155.82000000000028,155.73100000000028,155.7980000000003,5117
2026-05-07T06:00:00+00:00,155.7980000000003,155.8350000000003,155.5280000000003,155.7150000000003,10210
2026-05-07T07:00:00+00:00,155.7150000000003,155.72000000000028,155.4470000000003,155.6880000000003,15994
2026-05-07T08:00:00+00:00,155.6880000000003,155.7630000000003,155.6080000000003,155.75000000000028,9600
2026-05-07T09:00:00+00:00,155.75000000000028,155.8420000000003,155.7290000000003,155.7990000000003,8962
2026-05-07T10:00:00+00:00,155.7990000000003,155.8280000000003,155.71300000000028,155.8220000000003,7798
2026-05-07T11:00:00+00:00,155.8220000000003,155.89800000000028,155.7720000000003,155.8280000000003,7790
2026-05-07T12:00:00+00:00,155.8280000000003,155.8460000000003,155.6670000000003,155.7090000000003,9456
2026-05-07T13:00:00+00:00,155.7090000000003,155.8280000000003,155.67800000000028,155.7640000000003,13423
2026-05-07T14:00:00+00:00,155.7640000000003,155.82700000000028,155.6020000000003,155.6760000000003,11035
2026-05-07T15:00:00+00:00,155.6760000000003,155.93400000000028,155.6710000000003,155.9080000000003,11319
2026-05-07T16:00:00+00:00,155.9080000000003,156.07000000000028,155.89200000000028,156.05800000000028,10683
2026-05-07T17:00:00+00:00,156.05800000000028,156.28500000000028,156.0540000000003,156.09400000000028,13118
2026-05-07T18:00:00+00:00,156.09400000000028,156.28500000000028,156.03000000000029,156.1690000000003,10889
2026-05-07T19:00:00+00:00,156.1690000000003,156.30300000000028,156.1110000000003,156.2990000000003,10649
2026-05-07T20:00:00+00:00,156.2990000000003,156.3790000000003,156.1690000000003,156.2980000000003,6764
2026-05-07T21:00:00+00:00,156.2980000000003,156.40900000000042,156.14600000000024,156.32400000000044,2441.1947437037234
2026-05-07T22:00:00+00:00,156.32400000000044,156.46100000000044,156.32400000000044,156.39700000000047,3394.315948736205
2026-05-07T23:00:00+00:00,156.39700000000047,156.42400000000046,156.33200000000048,156.35800000000046,2344
2026-05-08T00:00:00+00:00,156.35800000000046,156.49700000000047,156.32400000000047,156.47700000000046,11815
2026-05-08T01:00:00+00:00,156.47700000000046,156.48200000000045,156.36300000000045,156.41200000000046,7328
2026-05-08T02:00:00+00:00,156.41200000000046,156.46500000000046,156.38100000000045,156.39800000000045,5700
2026-05-08T03:00:00+00:00,156.39800000000045,156.40500000000046,156.27700000000047,156.3470000000005,5050
2026-05-08T04:00:00+00:00,156.3470000000005,156.40900000000047,156.3350000000005,156.35700000000048,5219
2026-05-08T05:00:00+00:00,156.35700000000048,156.3940000000005,156.32000000000048,156.34400000000048,5189
2026-05-08T06:00:00+00:00,156.34400000000048,156.35600000000048,156.21900000000048,156.3400000000005,8869
2026-05-08T07:00:00+00:00,156.3400000000005,156.36200000000048,156.24800000000047,156.3400000000005,9760
2026-05-08T08:00:00+00:00,156.3400000000005,156.3660000000005,156.14700000000047,156.21300000000048,9417
2026-05-08T09:00:00+00:00,156.21300000000048,156.22000000000048,156.1380000000005,156.18800000000047,7161
2026-05-08T10:00:00+00:00,156.18800000000047,156.29700000000048,156.1620000000005,156.27900000000048,5060
2026-05-08T11:00:00+00:00,156.27900000000048,156.29600000000048,156.2340000000005,156.2580000000005,6251
2026-05-08T12:00:00+00:00,156.2580000000005,156.3290000000005,156.02700000000047,156.14700000000047,16509
2026-05-08T13:00:00+00:00,156.14700000000047,156.2110000000005,155.94000000000048,156.02800000000047,16738
2026-05-08T14:00:00+00:00,156.02800000000047,156.17300000000048,156.00500000000048,156.1340000000005,12600
2026-05-08T15:00:00+00:00,156.1340000000005,156.17900000000049,156.0620000000005,156.15300000000047,13229
2026-05-08T16:00:00+00:00,156.15300000000047,156.21400000000048,156.10600000000048,156.20700000000048,5228
2026-05-08T17:00:00+00:00,156.20700000000048,156.22500000000048,156.1210000000005,156.1980000000005,5361
2026-05-08T18:00:00+00:00,156.1980000000005,156.25500000000048,156.10100000000048,156.2050000000005,6778
2026-05-08T19:00:00+00:00,156.2050000000005,156.28400000000047,156.17900000000049,156.23800000000048,4365
2026-05-08T20:00:00+00:00,156.23800000000048,156.2650000000005,156.15500000000048,156.1550000000005,2820.8076832011366
2026-05-10T21:00:00+00:00,156.1550000000005,156.41500000000042,156.14500000000052,156.4020000000004,687.4586343761722
2026-05-10T22:00:00+00:00,156.4020000000004,156.6630000000004,156.3990000000004,156.60000000000042,3761
2026-05-10T23:00:00+00:00,156.60000000000042,156.6030000000004,156.53400000000042,156.5670000000004,3020
2026-05-11T00:00:00+00:00,156.5670000000004,156.7640000000004,156.53400000000042,156.6330000000004,10282
2026-05-11T01:00:00+00:00,156.6330000000004,156.7980000000004,156.62400000000042,156.79600000000042,7530
2026-05-11T02:00:00+00:00,156.79600000000042,156.8520000000004,156.75400000000042,156.84400000000042,4483
2026-05-11T03:00:00+00:00,156.84400000000042,156.8770000000004,156.79700000000042,156.8590000000004,4046.7257104251994
2026-05-11T04:00:00+00:00,156.8590000000004,156.8650000000004,156.7950000000004,156.82600000000042,3531
2026-05-11T05:00:00+00:00,156.82600000000042,156.85100000000043,156.7710000000004,156.83800000000042,3631
2026-05-11T06:00:00+00:00,156.83800000000042,156.85200000000043,156.69000000000042,156.6990000000004,6662
2026-05-11T07:00:00+00:00,156.6990000000004,156.83800000000042,156.69100000000043,156.82600000000042,6194
2026-05-11T08:00:00+00:00,156.82600000000042,156.84900000000042,156.65500000000043,156.79100000000042,6936
2026-05-11T09:00:00+00:00,156.79100000000042,156.8480000000004,156.77200000000042,156.8480000000004,4607
2026-05-11T10:00:00+00:00,156.8480000000004,156.86400000000043,156.78500000000042,156.84500000000043,5467
2026-05-11T11:00:00+00:00,156.84500000000043,156.85000000000042,156.77400000000043,156.82300000000043,5610
2026-05-11T12:00:00+00:00,156.82300000000043,156.8420000000004,156.7650000000004,156.82100000000042,8822
2026-05-11T13:00:00+00:00,156.82100000000042,156.83100000000042,156.70100000000042,156.73800000000043,7828
2026-05-11T14:00:00+00:00,156.73800000000043,156.79900000000043,156.68200000000041,156.70200000000042,10058
2026-05-11T15:00:00+00:00,156.70200000000042,156.77500000000043,156.68600000000043,156.75000000000043,9188
2026-05-11T16:00:00+00:00,156.75000000000043,156.86700000000042,156.73800000000043,156.8600000000004,5625
2026-05-11T17:00:00+00:00,156.8600000000004,156.91600000000042,156.80800000000042,156.81500000000042,6874
2026-05-11T18:00:00+00:00,156.81500000000042,156.91200000000043,156.79600000000042,156.9080000000004,5007
2026-05-11T19:00:00+00:00,156.9080000000004,156.97000000000043,156.90300000000042,156.94600000000042,4369
2026-05-11T20:00:00+00:00,156.94600000000042,156.97600000000043,156.82500000000041,156.84000000000043,3829
2026-05-11T21:00:00+00:00,156.84000000000043,156.8930000000004,156.74300000000045,156.8250000000004,1015.129422548121
2026-05-11T22:00:00+00:00,156.8250000000004,156.93000000000043,156.8250000000004,156.92300000000043,1256.671170921407
2026-05-11T23:00:00+00:00,156.92300000000043,156.97400000000042,156.91200000000043,156.96900000000042,2022
2026-05-12T00:00:00+00:00,156.96900000000042,157.16100000000043,156.9670000000004,157.1460000000004,7780
2026-05-12T01:00:00+00:00,157.1460000000004,157.31300000000041,157.1040000000004,157.26100000000042,7184
2026-05-12T02:00:00+00:00,157.26100000000042,157.38000000000042,157.25400000000042,157.31400000000042,3540
2026-05-12T03:00:00+00:00,157.31400000000042,157.36800000000042,157.2710000000004,157.33700000000042,3033
2026-05-12T04:00:00+00:00,157.33700000000042,157.36700000000042,157.27500000000043,157.31000000000043,4312
2026-05-12T05:00:00+00:00,157.31000000000043,157.47700000000043,156.44100000000043,157.0330000000004,11395
2026-05-12T06:00:00+00:00,157.0330000000004,157.25500000000042,156.77300000000042,157.2410000000004,23575
2026-05-12T07:00:00+00:00,157.2410000000004,157.2950000000004,157.11400000000043,157.23200000000043,12083
2026-05-12T08:00:00+00:00,157.23200000000043,157.3840000000004,157.21600000000043,157.34500000000043,9991
2026-05-12T09:00:00+00:00,157.34500000000043,157.3950000000004,157.26300000000043,157.2880000000004,8417
2026-05-12T10:00:00+00:00,157.2880000000004,157.3420000000004,157.22000000000043,157.2890000000004,6459
2026-05-12T11:00:00+00:00,157.2890000000004,157.33300000000042,157.22400000000042,157.3000000000004,8020
2026-05-12T12:00:00+00:00,157.3000000000004,157.36800000000042,157.24200000000042,157.28000000000043,11146
2026-05-12T13:00:00+00:00,157.28000000000043,157.39400000000043,157.20600000000042,157.3770000000004,13471
2026-05-12T14:00:00+00:00,157.3770000000004,157.42800000000042,157.3010000000004,157.35000000000042,10998
2026-05-12T15:00:00+00:00,157.35000000000042,157.47800000000043,157.33900000000042,157.44100000000043,9959
2026-05-12T16:00:00+00:00,157.44100000000043,157.49200000000042,157.40300000000042,157.48000000000042,6200
2026-05-12T17:00:00+00:00,157.48000000000042,157.48200000000043,157.4080000000004,157.42200000000042,5305
2026-05-12T18:00:00+00:00,157.42200000000042,157.45000000000041,157.3120000000004,157.32100000000042,6135
2026-05-12T19:00:00+00:00,157.32100000000042,157.3650000000004,157.24500000000043,157.3650000000004,5143
2026-05-12T20:00:00+00:00,157.3650000000004,157.38700000000043,157.32000000000042,157.34300000000042,3454
2026-05-12T21:00:00+00:00,157.34300000000042,157.38300000000044,157.2150000000004,157.30400000000043,725.1653581795059
2026-05-12T22:00:00+00:00,157.30400000000043,157.38200000000043,157.30200000000045,157.35900000000044,852
2026-05-12T23:00:00+00:00,157.35900000000044,157.43700000000044,157.31200000000044,157.43100000000044,1827
2026-05-13T00:00:00+00:00,157.43100000000044,157.52800000000045,157.39500000000044,157.46700000000044,7222
2026-05-13T01:00:00+00:00,157.46700000000044,157.54300000000043,157.32700000000042,157.41200000000043,7755
2026-05-13T02:00:00+00:00,157.41200000000043,157.48900000000043,157.36000000000044,157.41800000000043,4228
2026-05-13T03:00:00+00:00,157.41800000000043,157.44700000000043,157.38700000000043,157.44100000000043,3575
2026-05-13T04:00:00+00:00,157.44100000000043,157.51200000000043,157.43100000000044,157.48000000000044,2925
2026-05-13T05:00:00+00:00,157.48000000000044,157.49800000000045,157.44400000000044,157.44400000000044,3615
2026-05-13T06:00:00+00:00,157.44400000000044,157.54800000000043,157.44400000000044,157.53000000000043,5080
2026-05-13T07:00:00+00:00,157.53000000000043,157.60700000000043,157.43700000000044,157.59400000000045,6405
2026-05-13T08:00:00+00:00,157.59400000000045,157.60500000000044,157.50900000000044,157.56800000000044,7261
2026-05-13T09:00:00+00:00,157.56800000000044,157.65700000000044,157.54500000000044,157.59600000000043,5315
2026-05-13T10:00:00+00:00,157.59600000000043,157.61600000000044,157.54100000000042,157.57500000000044,5671
2026-05-13T11:00:00+00:00,157.57500000000044,157.59700000000043,157.50300000000044,157.52700000000044,4343
2026-05-13T12:00:00+00:00,157.52700000000044,157.65800000000044,157.51400000000044,157.60600000000045,9558
2026-05-13T13:00:00+00:00,157.60600000000045,157.62300000000045,157.51900000000043,157.53400000000045,8451
2026-05-13T14:00:00+00:00,157.53400000000045,157.65700000000044,157.51700000000045,157.62200000000044,8906
2026-05-13T15:00:00+00:00,157.62200000000044,157.63600000000045,157.53500000000042,157.59800000000044,7644
2026-05-13T16:00:00+00:00,157.59800000000044,157.62200000000044,157.50700000000043,157.61500000000044,7141
2026-05-13T17:00:00+00:00,157.61500000000044,157.68600000000043,157.59300000000044,157.68300000000045,4152
2026-05-13T18:00:00+00:00,157.68300000000045,157.68500000000043,157.61600000000044,157.65500000000043,6083
2026-05-13T19:00:00+00:00,157.65500000000043,157.66200000000043,157.59800000000044,157.63200000000043,6924
2026-05-13T20:00:00+00:00,157.63200000000043,157.66300000000044,157.60800000000043,157.60800000000043,3973
2026-05-13T21:00:00+00:00,157.60800000000043,157.6370000000005,157.47100000000043,157.55800000000053,2942.142913345231
2026-05-13T22:00:00+00:00,157.55800000000053,157.62400000000054,157.55800000000053,157.58700000000053,1416
2026-05-13T23:00:00+00:00,157.58700000000053,157.64200000000054,157.55700000000053,157.63600000000054,1706
2026-05-14T00:00:00+00:00,157.63600000000054,157.65100000000052,157.58600000000052,157.62900000000053,7902
2026-05-14T01:00:00+00:00,157.62900000000053,157.70000000000053,157.62600000000052,157.6900000000005,7773
2026-05-14T02:00:00+00:00,157.6900000000005,157.73000000000053,157.66500000000053,157.70100000000053,4721
2026-05-14T03:00:00+00:00,157.70100000000053,157.77900000000054,157.70000000000056,157.75200000000055,6621.4928492849285
2026-05-14T04:00:00+00:00,157.75200000000055,157.75700000000055,157.28500000000054,157.65000000000055,8418
2026-05-14T05:00:00+00:00,157.65000000000055,157.72800000000055,157.64400000000055,157.69100000000054,5676
2026-05-14T06:00:00+00:00,157.69100000000054,157.69600000000054,157.59000000000054,157.62500000000054,8539
2026-05-14T07:00:00+00:00,157.62500000000054,157.71900000000053,157.60000000000053,157.69500000000053,10190
2026-05-14T08:00:00+00:00,157.69500000000053,157.72900000000055,157.63400000000055,157.68000000000055,7270
2026-05-14T09:00:00+00:00,157.68000000000055,157.70900000000054,157.66600000000054,157.69300000000055,6164
2026-05-14T10:00:00+00:00,157.69300000000055,157.72400000000056,157.65400000000054,157.71500000000054,10455
2026-05-14T11:00:00+00:00,157.71500000000054,157.75800000000055,157.68900000000053,157.75300000000055,6103
2026-05-14T12:00:00+00:00,157.75300000000055,157.77200000000056,157.68300000000053,157.75500000000054,7609
2026-05-14T13:00:00+00:00,157.75500000000054,157.95100000000053,157.07400000000055,157.68900000000053,29782
2026-05-14T14:00:00+00:00,157.68900000000053,157.93400000000054,157.62400000000054,157.93300000000053,18604
2026-05-14T15:00:00+00:00,157.93300000000053,157.97300000000055,157.86000000000055,157.86800000000054,11398
2026-05-14T16:00:00+00:00,157.86800000000054,157.98200000000054,157.86200000000053,157.94900000000055,8692
2026-05-14T17:00:00+00:00,157.94900000000055,157.97900000000055,157.91600000000054,157.97400000000056,6299
2026-05-14T18:00:00+00:00,157.97400000000056,157.98300000000054,157.95000000000056,157.96800000000056,6145
2026-05-14T19:00:00+00:00,157.96800000000056,158.16200000000055,157.94900000000055,158.13900000000055,8685
2026-05-14T20:00:00+00:00,158.13900000000055,158.20300000000054,158.12400000000054,158.14300000000054,4211
2026-05-14T21:00:00+00:00,158.14300000000054,158.14300000000054,158.0400000000005,158.10800000000052,1281.566444291082
2026-05-14T22:00:00+00:00,158.10800000000052,158.1670000000005,158.09900000000053,158.15600000000052,1261.9485317947858
2026-05-14T23:00:00+00:00,158.15600000000052,158.21700000000052,158.10400000000053,158.16200000000052,3007
2026-05-15T00:00:00+00:00,158.16200000000052,158.28800000000052,158.10200000000052,158.24400000000054,15871
2026-05-15T01:00:00+00:00,158.24400000000054,158.34100000000052,158.19900000000052,158.30800000000053,13075
2026-05-15T02:00:00+00:00,158.30800000000053,158.36500000000052,158.22000000000054,158.30100000000053,8951
2026-05-15T03:00:00+00:00,158.30100000000053,158.30900000000054,158.25500000000054,158.26500000000053,6411
2026-05-15T04:00:00+00:00,158.26500000000053,158.30200000000053,158.25300000000053,158.29300000000052,4406
2026-05-15T05:00:00+00:00,158.29300000000052,158.4230000000005,158.29300000000052,158.38900000000052,9195
2026-05-15T06:00:00+00:00,158.38900000000052,158.4520000000005,158.20700000000053,158.2080000000005,18592
2026-05-15T07:00:00+00:00,158.2080000000005,158.26100000000054,158.13000000000054,158.22800000000052,13247
2026-05-15T08:00:00+00:00,158.22800000000052,158.35500000000053,158.18300000000053,158.33800000000053,16855
2026-05-15T09:00:00+00:00,158.33800000000053,158.38000000000054,158.24200000000053,158.2920000000005,16057
2026-05-15T10:00:00+00:00,158.2920000000005,158.31400000000053,158.06900000000053,158.14500000000052,22346
2026-05-15T11:00:00+00:00,158.14500000000052,158.36500000000052,158.1370000000005,158.34900000000053,12456
2026-05-15T12:00:00+00:00,158.34900000000053,158.36200000000053,158.28500000000054,158.3510000000005,9680
2026-05-15T13:00:00+00:00,158.3510000000005,158.52200000000053,158.3100000000005,158.46500000000052,12494
2026-05-15T14:00:00+00:00,158.46500000000052,158.52100000000053,158.37000000000052,158.37000000000052,15970
2026-05-15T15:00:00+00:00,158.37000000000052,158.5240000000005,158.33000000000052,158.4760000000005,11564
2026-05-15T16:00:00+00:00,158.4760000000005,158.5120000000005,158.44300000000052,158.48400000000052,7797
2026-05-15T17:00:00+00:00,158.48400000000052,158.5060000000005,158.4220000000005,158.5060000000005,9064
2026-05-15T18:00:00+00:00,158.5060000000005,158.52900000000054,158.48100000000053,158.48300000000052,7783
2026-05-15T19:00:00+00:00,158.48300000000052,158.56400000000053,158.4700000000005,158.54900000000052,3320
2026-05-15T20:00:00+00:00,158.54900000000052,158.62100000000052,158.49600000000052,158.49800000000053,3466.705825085186
2026-05-17T21:00:00+00:00,158.49800000000053,158.70299999999997,158.48800000000054,158.632,727.55220102564
2026-05-17T22:00:00+00:00,158.632,158.763,158.62800000000001,158.732,2123
2026-05-17T23:00:00+00:00,158.732,158.829,158.70700000000002,158.798,3718
2026-05-18T00:00:00+00:00,158.798,158.901,158.747,158.87800000000001,11564
2026-05-18T01:00:00+00:00,158.87800000000001,158.899,158.811,158.87800000000001,10989
2026-05-18T02:00:00+00:00,158.87800000000001,158.894,158.835,158.859,7926
2026-05-18T03:00:00+00:00,158.859,159.00200000000004,158.85000000000005,158.98200000000003,5083.480278422274
2026-05-18T04:00:00+00:00,158.98200000000003,159.02000000000004,158.75000000000003,158.92900000000003,7174
2026-05-18T05:00:00+00:00,158.92900000000003,158.94500000000005,158.85000000000005,158.89000000000004,9438
2026-05-18T06:00:00+00:00,158.89000000000004,158.89800000000005,158.78300000000004,158.83900000000003,8959
2026-05-18T07:00:00+00:00,158.83900000000003,158.92900000000003,158.75000000000003,158.86700000000002,10754
2026-05-18T08:00:00+00:00,158.86700000000002,158.87900000000002,158.73700000000002,158.77100000000002,13133
2026-05-18T09:00:00+00:00,158.77100000000002,158.87900000000002,158.77,158.87900000000002,7155
2026-05-18T10:00:00+00:00,158.87900000000002,158.895,158.842,158.87300000000002,6138
2026-05-18T11:00:00+00:00,158.87300000000002,158.90300000000002,158.62600000000003,158.78100000000003,15980
2026-05-18T12:00:00+00:00,158.78100000000003,158.78900000000002,158.55800000000002,158.63500000000002,17620
2026-05-18T13:00:00+00:00,158.63500000000002,158.72600000000003,158.58900000000003,158.69200000000004,17925
2026-05-18T14:00:00+00:00,158.69200000000004,158.86,158.675,158.78700000000003,16579
2026-05-18T15:00:00+00:00,158.78700000000003,158.88400000000001,158.746,158.77800000000002,14562
2026-05-18T16:00:00+00:00,158.77800000000002,158.889,158.722,158.87500000000003,14199
2026-05-18T17:00:00+00:00,158.87500000000003,158.89400000000003,158.83400000000003,158.85800000000003,8375
2026-05-18T18:00:00+00:00,158.85800000000003,159.02300000000002,158.85600000000002,159.02100000000002,6478
2026-05-18T19:00:00+00:00,159.02100000000002,159.02500000000003,158.75300000000001,158.83300000000003,17881
2026-05-18T20:00:00+00:00,158.83300000000003,158.83300000000003,158.69100000000003,158.73100000000002,6905
2026-05-18T21:00:00+00:00,158.73100000000002,158.73100000000002,158.5890000000001,158.60500000000013,542.158834517919
2026-05-18T22:00:00+00:00,158.60500000000013,158.70500000000013,158.60500000000013,158.70400000000012,1940
2026-05-18T23:00:00+00:00,158.70400000000012,158.74800000000013,158.67900000000012,158.74500000000012,1813
2026-05-19T00:00:00+00:00,158.74500000000012,158.8970000000001,158.73000000000013,158.88800000000012,8919
2026-05-19T01:00:00+00:00,158.88800000000012,158.90200000000013,158.76500000000013,158.8570000000001,7424
2026-05-19T02:00:00+00:00,158.8570000000001,158.88400000000013,158.8260000000001,158.84200000000013,4874
2026-05-19T03:00:00+00:00,158.84200000000013,158.8690000000001,158.80400000000012,158.8330000000001,4256
2026-05-19T04:00:00+00:00,158.8330000000001,158.89100000000013,158.7960000000001,158.87900000000013,5062
2026-05-19T05:00:00+00:00,158.87900000000013,158.91600000000014,158.83600000000013,158.89200000000014,4130
2026-05-19T06:00:00+00:00,158.89200000000014,158.99700000000013,158.88600000000014,158.95400000000012,8094
2026-05-19T07:00:00+00:00,158.95400000000012,159.02600000000012,158.89000000000013,158.92900000000014,9196
2026-05-19T08:00:00+00:00,158.92900000000014,159.03200000000012,158.88700000000014,159.02700000000013,9502
2026-05-19T09:00:00+00:00,159.02700000000013,159.05800000000013,158.95000000000013,158.98600000000013,8527
2026-05-19T10:00:00+00:00,158.98600000000013,159.06300000000013,158.94200000000012,158.97900000000013,11172
2026-05-19T11:00:00+00:00,158.97900000000013,159.02800000000013,158.96000000000012,159.01500000000013,10061
2026-05-19T12:00:00+00:00,159.01500000000013,159.02400000000011,158.53400000000013,158.95300000000012,18529
2026-05-19T13:00:00+00:00,158.95300000000012,159.07800000000012,158.79900000000012,158.9340000000001,19768
2026-05-19T14:00:00+00:00,158.9340000000001,159.13500000000013,158.8740000000001,158.9510000000001,18618
2026-05-19T15:00:00+00:00,158.9510000000001,159.0590000000001,158.84300000000013,159.00300000000013,16329
2026-05-19T16:00:00+00:00,159.00300000000013,159.06100000000012,158.66100000000012,158.7070000000001,18077
2026-05-19T17:00:00+00:00,158.7070000000001,158.77100000000013,158.66700000000012,158.74700000000013,9402
2026-05-19T18:00:00+00:00,158.74700000000013,158.9750000000001,158.74100000000013,158.9280000000001,11465
2026-05-19T19:00:00+00:00,158.9280000000001,158.96200000000013,158.87900000000013,158.93800000000013,7689
2026-05-19T20:00:00+00:00,158.93800000000013,158.99000000000012,158.9270000000001,158.96000000000012,4114
2026-05-19T21:00:00+00:00,158.96000000000012,158.96000000000012,158.8620000000001,158.9500000000001,624.4605667594868
2026-05-19T22:00:00+00:00,158.9500000000001,158.9960000000001,158.9420000000001,158.95700000000008,1288
2026-05-19T23:00:00+00:00,158.95700000000008,158.96300000000008,158.8840000000001,158.9350000000001,2598
2026-05-20T00:00:00+00:00,158.9350000000001,158.9920000000001,158.8420000000001,158.8880000000001,14468
2026-05-20T01:00:00+00:00,158.8880000000001,158.98200000000008,158.8640000000001,158.9260000000001,8907
2026-05-20T02:00:00+00:00,158.9260000000001,158.9350000000001,158.7270000000001,158.81400000000008,8545
2026-05-20T03:00:00+00:00,158.81400000000008,158.8430000000001,158.7460000000001,158.7630000000001,8847
2026-05-20T04:00:00+00:00,158.7630000000001,158.89200000000008,158.7100000000001,158.8710000000001,4958
2026-05-20T05:00:00+00:00,158.8710000000001,158.8840000000001,158.80800000000008,158.86300000000008,5619
2026-05-20T06:00:00+00:00,158.86300000000008,158.8930000000001,158.7600000000001,158.8700000000001,9872
2026-05-20T07:00:00+00:00,158.8700000000001,158.9560000000001,158.82000000000008,158.9560000000001,11120
2026-05-20T08:00:00+00:00,158.9560000000001,158.9920000000001,158.9070000000001,158.93400000000008,12415
2026-05-20T09:00:00+00:00,158.93400000000008,158.96900000000008,158.88000000000008,158.95800000000008,10495
2026-05-20T10:00:00+00:00,158.95800000000008,158.9610000000001,158.8480000000001,158.88700000000009,7123
2026-05-20T11:00:00+00:00,158.88700000000009,158.9430000000001,158.8590000000001,158.9250000000001,9265
2026-05-20T12:00:00+00:00,158.9250000000001,158.9320000000001,158.8760000000001,158.9060000000001,6972
2026-05-20T13:00:00+00:00,158.9060000000001,159.00500000000008,158.8950000000001,158.99300000000008,10399
2026-05-20T14:00:00+00:00,158.99300000000008,159.05900000000008,158.6790000000001,158.76100000000008,33905
2026-05-20T15:00:00+00:00,158.76100000000008,158.8110000000001,158.4770000000001,158.7350000000001,35321
2026-05-20T16:00:00+00:00,158.7350000000001,158.8040000000001,158.64200000000008,158.72600000000008,16476
2026-05-20T17:00:00+00:00,158.72600000000008,158.82600000000008,158.70100000000008,158.7920000000001,12976
2026-05-20T18:00:00+00:00,158.7920000000001,158.85000000000008,158.6850000000001,158.73200000000008,9366
2026-05-20T19:00:00+00:00,158.73200000000008,158.7860000000001,158.6670000000001,158.7480000000001,8010
2026-05-20T20:00:00+00:00,158.7480000000001,158.8220000000001,158.73800000000008,158.7940000000001,4669
2026-05-20T21:00:00+00:00,158.7940000000001,158.7940000000001,158.69000000000008,158.7290000000001,602.3662515754565
2026-05-20T22:00:00+00:00,158.7290000000001,158.7790000000001,158.7260000000001,158.7530000000001,1038
2026-05-20T23:00:00+00:00,158.7530000000001,158.8260000000001,158.7250000000001,158.7890000000001,1898
2026-05-21T00:00:00+00:00,158.7890000000001,158.8270000000001,158.7480000000001,158.7640000000001,11064
2026-05-21T01:00:00+00:00,158.7640000000001,158.8010000000001,158.7080000000001,158.78600000000012,9325
2026-05-21T02:00:00+00:00,158.78600000000012,158.8800000000001,158.7500000000001,158.8750000000001,6689
2026-05-21T03:00:00+00:00,158.8750000000001,158.8840000000001,158.8180000000001,158.8670000000001,3238
2026-05-21T04:00:00+00:00,158.8670000000001,158.9040000000001,158.8430000000001,158.8980000000001,3156
2026-05-21T05:00:00+00:00,158.8980000000001,158.9490000000001,158.8730000000001,158.9070000000001,3864
2026-05-21T06:00:00+00:00,158.9070000000001,158.9740000000001,158.8890000000001,158.95900000000012,4676
2026-05-21T07:00:00+00:00,158.95900000000012,158.9860000000001,158.8980000000001,158.9270000000001,13549
2026-05-21T08:00:00+00:00,158.9270000000001,158.9310000000001,158.8000000000001,158.8800000000001,15277
2026-05-21T09:00:00+00:00,158.8800000000001,158.8890000000001,158.8080000000001,158.8740000000001,6054
2026-05-21T10:00:00+00:00,158.8740000000001,159.0370000000001,158.8600000000001,159.0230000000001,12524
2026-05-21T11:00:00+00:00,159.0230000000001,159.06600000000012,158.94100000000012,159.0560000000001,7008
2026-05-21T12:00:00+00:00,159.0560000000001,159.0870000000001,158.9880000000001,159.0610000000001,12459
2026-05-21T13:00:00+00:00,159.0610000000001,159.2420000000001,159.0170000000001,159.0950000000001,16195
2026-05-21T14:00:00+00:00,159.0950000000001,159.1770000000001,159.0170000000001,159.0640000000001,18113
2026-05-21T15:00:00+00:00,159.0640000000001,159.15500000000011,159.0450000000001,159.0680000000001,19065
2026-05-21T16:00:00+00:00,159.0680000000001,159.0970000000001,159.01900000000012,159.0430000000001,10096
2026-05-21T17:00:00+00:00,159.0430000000001,159.0740000000001,158.7190000000001,158.78600000000012,25164
2026-05-21T18:00:00+00:00,158.78600000000012,159.0020000000001,158.7360000000001,158.9760000000001,19781
2026-05-21T19:00:00+00:00,158.9760000000001,158.9930000000001,158.7770000000001,158.8210000000001,14305
2026-05-21T20:00:00+00:00,158.8210000000001,158.90500000000011,158.7840000000001,158.8250000000001,4539
2026-05-21T21:00:00+00:00,158.8250000000001,158.8660000000001,158.7700000000001,158.84200000000007,794.3688062421563
2026-05-21T22:00:00+00:00,158.84200000000007,158.91900000000007,158.8400000000001,158.9060000000001,1070
2026-05-21T23:00:00+00:00,158.9060000000001,158.9420000000001,158.8880000000001,158.92700000000008,1933
2026-05-22T00:00:00+00:00,158.92700000000008,159.0250000000001,158.9230000000001,158.99100000000007,7334
2026-05-22T01:00:00+00:00,158.99100000000007,159.02300000000008,158.95600000000007,159.0010000000001,4149
2026-05-22T02:00:00+00:00,159.0010000000001,159.00500000000008,158.9010000000001,158.93100000000007,5379
2026-05-22T03:00:00+00:00,158.93100000000007,158.9540000000001,158.9050000000001,158.93900000000008,4326
2026-05-22T04:00:00+00:00,158.93900000000008,158.97400000000007,158.91300000000007,158.97000000000008,4989
2026-05-22T05:00:00+00:00,158.97000000000008,159.03800000000007,158.95700000000008,159.0320000000001,3772
2026-05-22T06:00:00+00:00,159.0320000000001,159.0430000000001,158.96300000000008,159.00400000000008,6310
2026-05-22T07:00:00+00:00,159.00400000000008,159.04500000000007,159.00400000000008,159.0310000000001,6355
2026-05-22T08:00:00+00:00,159.0310000000001,159.0370000000001,158.95700000000008,158.9890000000001,9444
2026-05-22T09:00:00+00:00,158.9890000000001,159.04700000000008,158.98200000000008,159.00400000000008,6481
2026-05-22T10:00:00+00:00,159.00400000000008,159.03500000000008,158.9780000000001,159.0240000000001,5584
2026-05-22T11:00:00+00:00,159.0240000000001,159.04700000000003,159.01200000000003,159.04200000000003,5089.853548357953
2026-05-22T12:00:00+00:00,159.04200000000003,159.05100000000004,158.96000000000004,158.97900000000004,13999
2026-05-22T13:00:00+00:00,158.97900000000004,159.04200000000003,158.89300000000003,158.98700000000002,15469
2026-05-22T14:00:00+00:00,158.98700000000002,159.07900000000004,158.95000000000005,159.00500000000002,12072
2026-05-22T15:00:00+00:00,159.00500000000002,159.13600000000002,158.98800000000003,159.09900000000005,9110
2026-05-22T16:00:00+00:00,159.09900000000005,159.13400000000004,159.05500000000004,159.07800000000003,5337
2026-05-22T17:00:00+00:00,159.07800000000003,159.08500000000004,158.96400000000003,159.03200000000004,12123
2026-05-22T18:00:00+00:00,159.03200000000004,159.07200000000003,159.00500000000002,159.03500000000003,10671
2026-05-22T19:00:00+00:00,159.03500000000003,159.07400000000004,159.00500000000002,159.07100000000003,4296
2026-05-22T20:00:00+00:00,159.07100000000003,159.09900000000005,159.04300000000003,159.07200000000006,2403.060837700461
2026-05-24T21:00:00+00:00,159.07200000000006,159.243,159.07200000000006,159.184,828.116730956405
2026-05-24T22:00:00+00:00,159.184,159.318,159.173,159.231,5206
2026-05-24T23:00:00+00:00,159.231,159.31,159.192,159.303,2600
2026-05-25T00:00:00+00:00,159.303,159.311,159.179,159.247,5248
2026-05-25T01:00:00+00:00,159.247,159.25,159.10500000000002,159.225,5388
2026-05-25T02:00:00+00:00,159.225,159.227,159.185,159.201,3147
2026-05-25T03:00:00+00:00,159.201,159.24,159.183,159.233,2768
2026-05-25T04:00:00+00:00,159.233,159.263,159.195,159.208,2539
2026-05-25T05:00:00+00:00,159.208,159.286,159.193,159.275,3399
2026-05-25T06:00:00+00:00,159.275,159.287,159.24,159.25300000000001,4709
2026-05-25T07:00:00+00:00,159.25300000000001,159.389,159.248,159.322,6004
2026-05-25T08:00:00+00:00,159.322,159.339,159.247,159.264,4782
2026-05-25T09:00:00+00:00,159.264,159.291,159.243,159.274,3500
2026-05-25T10:00:00+00:00,159.274,159.299,159.266,159.293,2448
2026-05-25T11:00:00+00:00,159.293,159.308,159.238,159.284,3701
2026-05-25T12:00:00+00:00,159.284,159.292,159.227,159.251,6456
2026-05-25T13:00:00+00:00,159.251,159.272,159.233,159.267,5022
2026-05-25T14:00:00+00:00,159.267,159.273,159.236,159.26600000000002,4394.101593756149
2026-05-25T15:00:00+00:00,159.26600000000002,159.29900000000004,159.23000000000002,159.24600000000004,5166
2026-05-25T16:00:00+00:00,159.24600000000004,159.27100000000002,159.23700000000002,159.24500000000003,3439
2026-05-25T17:00:00+00:00,159.24500000000003,159.25400000000002,159.23400000000004,159.24400000000003,1868
2026-05-25T18:00:00+00:00,159.24400000000003,159.251,159.23399999999998,159.246,951.0844753521853
2026-05-25T19:00:00+00:00,159.246,159.264,159.235,159.258,964
2026-05-25T20:00:00+00:00,159.258,159.28300000000002,159.221,159.221,2332.074319352465
2026-05-25T21:00:00+00:00,159.221,159.30600000000013,159.18600000000012,159.2480000000001,2209.219587891185
2026-05-25T22:00:00+00:00,159.2480000000001,159.3390000000001,159.2480000000001,159.3020000000001,1212
2026-05-25T23:00:00+00:00,159.3020000000001,159.34200000000013,159.28700000000012,159.3320000000001,1992.1335504885992
2026-05-26T00:00:00+00:00,159.3320000000001,159.37100000000012,159.31100000000012,159.34700000000012,7425
2026-05-26T01:00:00+00:00,159.34700000000012,159.3800000000001,159.3210000000001,159.3430000000001,6752
2026-05-26T02:00:00+00:00,159.3430000000001,159.3620000000001,159.3130000000001,159.3210000000001,5355
2026-05-26T03:00:00+00:00,159.3210000000001,159.32200000000012,159.28800000000012,159.31800000000013,3021
2026-05-26T04:00:00+00:00,159.31800000000013,159.39400000000012,159.31000000000012,159.37800000000013,3747
2026-05-26T05:00:00+00:00,159.37800000000013,159.4100000000001,159.3490000000001,159.4020000000001,5355
2026-05-26T06:00:00+00:00,159.4020000000001,159.4980000000001,159.39300000000011,159.4750000000001,8387
2026-05-26T07:00:00+00:00,159.4750000000001,159.57900000000012,159.4750000000001,159.57300000000012,6688
2026-05-26T08:00:00+00:00,159.57300000000012,159.61600000000013,159.5710000000001,159.5880000000001,4796
2026-05-26T09:00:00+00:00,159.5880000000001,159.6000000000001,159.5350000000001,159.53700000000012,5690
2026-05-26T10:00:00+00:00,159.53700000000012,159.5570000000001,159.48400000000012,159.5230000000001,6441
2026-05-26T11:00:00+00:00,159.5230000000001,159.59200000000013,159.5120000000001,159.56800000000013,6443
2026-05-26T12:00:00+00:00,159.56800000000013,159.6060000000001,159.56100000000012,159.6060000000001,7425
2026-05-26T13:00:00+00:00,159.6060000000001,159.6770000000001,159.60300000000012,159.6530000000001,6338
2026-05-26T14:00:00+00:00,159.6530000000001,159.70300000000012,159.60400000000013,159.69800000000012,8940
2026-05-26T15:00:00+00:00,159.69800000000012,159.75800000000012,159.6780000000001,159.73900000000012,6791
2026-05-26T16:00:00+00:00,159.73900000000012,159.74100000000013,159.6600000000001,159.68600000000012,3851
2026-05-26T17:00:00+00:00,159.68600000000012,159.75700000000012,159.66300000000012,159.73900000000012,3861
2026-05-26T18:00:00+00:00,159.73900000000012,159.75200000000012,159.67900000000012,159.71100000000013,4224
2026-05-26T19:00:00+00:00,159.71100000000013,159.7240000000001,159.6770000000001,159.6960000000001,2967
2026-05-26T20:00:00+00:00,159.6960000000001,159.7120000000001,159.6640000000001,159.66800000000012,2516
2026-05-26T21:00:00+00:00,159.66800000000012,159.6900000000001,159.60900000000012,159.65100000000012,496.38203187726685
2026-05-26T22:00:00+00:00,159.65100000000012,159.7180000000001,159.65100000000012,159.6710000000001,1711.8582311168495
2026-05-26T23:00:00+00:00,159.6710000000001,159.6890000000001,159.61600000000013,159.66400000000013,1672.4353800660983
2026-05-27T00:00:00+00:00,159.66400000000013,159.7240000000001,159.5890000000001,159.69300000000013,8371
2026-05-27T01:00:00+00:00,159.69300000000013,159.7190000000001,159.62800000000013,159.7130000000001,5484
2026-05-27T02:00:00+00:00,159.7130000000001,159.71700000000013,159.6360000000001,159.63900000000012,7873
2026-05-27T03:00:00+00:00,159.63900000000012,159.6420000000001,159.6000000000001,159.6170000000001,4409
2026-05-27T04:00:00+00:00,159.6170000000001,159.6600000000001,159.61000000000013,159.65600000000012,3322
2026-05-27T05:00:00+00:00,159.65600000000012,159.76300000000012,159.64300000000011,159.7610000000001,4022
2026-05-27T06:00:00+00:00,159.7610000000001,159.7900000000001,159.70900000000012,159.7670000000001,4442
2026-05-27T07:00:00+00:00,159.7670000000001,159.7780000000001,159.71600000000012,159.76900000000012,4562
2026-05-27T08:00:00+00:00,159.76900000000012,159.85800000000012,159.7310000000001,159.8070000000001,6682
2026-05-27T09:00:00+00:00,159.8070000000001,159.81200000000013,159.7300000000001,159.76900000000012,4097
2026-05-27T10:00:00+00:00,159.76900000000012,159.80600000000013,159.75900000000013,159.7960000000001,4011.6448402304873
2026-05-27T11:00:00+00:00,159.7960000000001,159.8640000000001,159.7870000000001,159.8470000000001,4493
2026-05-27T12:00:00+00:00,159.8470000000001,159.86300000000008,159.6590000000001,159.83200000000008,20006
2026-05-27T13:00:00+00:00,159.83200000000008,159.85100000000008,159.7950000000001,159.7980000000001,13727
2026-05-27T14:00:00+00:00,159.7980000000001,159.92700000000008,159.7830000000001,159.9230000000001,13249
2026-05-27T15:00:00+00:00,159.9230000000001,159.95100000000008,159.8490000000001,159.8880000000001,8315
2026-05-27T16:00:00+00:00,159.8880000000001,159.93900000000008,159.88000000000008,159.9110000000001,5464
2026-05-27T17:00:00+00:00,159.9110000000001,159.99300000000008,159.91000000000008,159.9380000000001,4289
2026-05-27T18:00:00+00:00,159.9380000000001,159.9720000000001,159.9060000000001,159.9200000000001,5124
2026-05-27T19:00:00+00:00,159.9200000000001,159.96400000000008,159.91600000000008,159.9530000000001,4715
2026-05-27T20:00:00+00:00,159.9530000000001,159.9560000000001,159.9120000000001,159.9120000000001,2947
2026-05-27T21:00:00+00:00,159.9120000000001,159.9120000000001,159.83300000000008,159.8780000000001,741.9759515414519
2026-05-27T22:00:00+00:00,159.8780000000001,159.92800000000008,159.8760000000001,159.91600000000005,1147.7630942788073
2026-05-27T23:00:00+00:00,159.91600000000005,159.98900000000006,159.90800000000007,159.98000000000005,2523
2026-05-28T00:00:00+00:00,159.98000000000005,160.01400000000007,159.95300000000006,159.96900000000005,7269
2026-05-28T01:00:00+00:00,159.96900000000005,160.00600000000006,159.95000000000005,160.00200000000007,4336
2026-05-28T02:00:00+00:00,160.00200000000007,160.01800000000006,159.93400000000005,159.97200000000007,5021
2026-05-28T03:00:00+00:00,159.97200000000007,160.06500000000005,159.95200000000006,160.03100000000006,7301
2026-05-28T04:00:00+00:00,160.03100000000006,160.03400000000005,159.93900000000005,159.98900000000006,5036
2026-05-28T05:00:00+00:00,159.98900000000006,159.99500000000006,159.94300000000007,159.97000000000006,5020
2026-05-28T06:00:00+00:00,159.97000000000006,159.98400000000007,159.88500000000005,159.90200000000007,7205
2026-05-28T07:00:00+00:00,159.90200000000007,159.93600000000006,159.85500000000005,159.89100000000005,8180
2026-05-28T08:00:00+00:00,159.89100000000005,159.93800000000005,159.86300000000006,159.87100000000007,8066
2026-05-28T09:00:00+00:00,159.87100000000007,159.88400000000007,159.79500000000007,159.82800000000006,6877
2026-05-28T10:00:00+00:00,159.82800000000006,159.87900000000005,159.79300000000006,159.87700000000007,8619
2026-05-28T11:00:00+00:00,159.87700000000007,159.88200000000006,159.82900000000006,159.87200000000007,8017
2026-05-28T12:00:00+00:00,159.87200000000007,159.87500000000006,159.71300000000005,159.78300000000007,11018
2026-05-28T13:00:00+00:00,159.78300000000007,159.87200000000007,159.73400000000007,159.86500000000007,10186
2026-05-28T14:00:00+00:00,159.86500000000007,159.90600000000006,159.59000000000006,159.63900000000007,28231
2026-05-28T15:00:00+00:00,159.63900000000007,159.71000000000006,159.59700000000007,159.70400000000006,12056
2026-05-28T16:00:00+00:00,159.70400000000006,159.75200000000007,159.52300000000005,159.57800000000006,15453
2026-05-28T17:00:00+00:00,159.57800000000006,159.65300000000005,159.56100000000006,159.61200000000005,6835
2026-05-28T18:00:00+00:00,159.61200000000005,159.69800000000006,159.58700000000005,159.67000000000002,9946.733475479745
2026-05-28T19:00:00+00:00,159.67000000000002,159.699,159.62000000000003,159.66200000000003,7468
2026-05-28T20:00:00+00:00,159.66200000000003,159.687,159.63300000000004,159.64200000000002,3327
2026-05-28T21:00:00+00:00,159.64200000000002,159.646,159.57000000000002,159.63399999999993,1364.404772111158
2026-05-28T22:00:00+00:00,159.63399999999993,159.68799999999993,159.62399999999994,159.67099999999994,1483
2026-05-28T23:00:00+00:00,159.67099999999994,159.68199999999996,159.62699999999992,159.67899999999992,2554.6345164624795
2026-05-29T00:00:00+00:00,159.67899999999992,159.7309999999999,159.6529999999999,159.69699999999992,8447
2026-05-29T01:00:00+00:00,159.69699999999992,159.7369999999999,159.6589999999999,159.72199999999992,7340
2026-05-29T02:00:00+00:00,159.72199999999992,159.7309999999999,159.6769999999999,159.72199999999992,3608
2026-05-29T03:00:00+00:00,159.72199999999992,159.77599999999993,159.7189999999999,159.7669999999999,5091
2026-05-29T04:00:00+00:00,159.7669999999999,159.78299999999993,159.7069999999999,159.70899999999992,5090
2026-05-29T05:00:00+00:00,159.70899999999992,159.73899999999992,159.69199999999992,159.7179999999999,3566
2026-05-29T06:00:00+00:00,159.7179999999999,159.73899999999992,159.6069999999999,159.61899999999991,5416
2026-05-29T07:00:00+00:00,159.61899999999991,159.7249999999999,159.6109999999999,159.6709999999999,8426
2026-05-29T08:00:00+00:00,159.6709999999999,159.72699999999992,159.6169999999999,159.7019999999999,6288
2026-05-29T09:00:00+00:00,159.7019999999999,159.7069999999999,159.64399999999992,159.70499999999993,7404
2026-05-29T10:00:00+00:00,159.70499999999993,159.72699999999992,159.6699999999999,159.69299999999993,7927
2026-05-29T11:00:00+00:00,159.69299999999993,159.70899999999992,159.65499999999992,159.6599999999999,7937
2026-05-29T12:00:00+00:00,159.6599999999999,159.7139999999999,159.6589999999999,159.66399999999993,8144
2026-05-29T13:00:00+00:00,159.66399999999993,159.71699999999993,159.64899999999992,159.7069999999999,7126
2026-05-29T14:00:00+00:00,159.7069999999999,159.76399999999992,159.56699999999992,159.5949999999999,14535
2026-05-29T15:00:00+00:00,159.5949999999999,159.6539999999999,159.50199999999992,159.63899999999992,18462
2026-05-29T16:00:00+00:00,159.63899999999992,159.6599999999999,159.5889999999999,159.60799999999992,9252
2026-05-29T17:00:00+00:00,159.60799999999992,159.6939999999999,159.59099999999992,159.6899999999999,5892
2026-05-29T18:00:00+00:00,159.6899999999999,159.71099999999993,159.6299999999999,159.6699999999999,8254
2026-05-29T19:00:00+00:00,159.6699999999999,159.6819999999999,159.6239999999999,159.6699999999999,4373
2026-05-29T20:00:00+00:00,159.6699999999999,159.69799999999992,159.62899999999988,159.6379999999999,2427.686263653294
2026-05-31T21:00:00+00:00,159.6379999999999,159.6459999999999,159.60599999999994,159.6219999999999,194.59135641728238
2026-05-31T22:00:00+00:00,159.6219999999999,159.71499999999992,159.6049999999999,159.67199999999988,4832.91437464083
2026-05-31T23:00:00+00:00,159.67199999999988,159.68199999999987,159.58099999999993,159.64899999999994,2674.1190836906467
2026-06-01T00:00:00+00:00,159.64899999999994,159.75699999999995,159.64899999999994,159.74399999999994,9286
2026-06-01T01:00:00+00:00,159.74399999999994,159.78499999999994,159.73799999999994,159.77299999999994,6474
2026-06-01T02:00:00+00:00,159.77299999999994,159.78499999999994,159.73699999999994,159.74999999999994,3210
2026-06-01T03:00:00+00:00,159.74999999999994,159.77299999999994,159.72499999999994,159.76499999999993,4472
2026-06-01T04:00:00+00:00,159.76499999999993,159.76899999999995,159.74299999999994,159.74599999999995,2485
2026-06-01T05:00:00+00:00,159.74599999999995,159.76699999999994,159.72299999999993,159.74499999999995,4223
2026-06-01T06:00:00+00:00,159.74499999999995,159.78599999999994,159.70099999999994,159.71299999999994,9142
2026-06-01T07:00:00+00:00,159.71299999999994,159.77299999999994,159.69399999999993,159.75399999999993,8364
2026-06-01T08:00:00+00:00,159.75399999999993,159.76099999999994,159.72499999999994,159.73799999999994,6616
2026-06-01T09:00:00+00:00,159.73799999999994,159.76999999999995,159.72999999999993,159.74399999999994,6883
2026-06-01T10:00:00+00:00,159.74399999999994,159.76599999999993,159.72799999999995,159.73999999999995,5345
2026-06-01T11:00:00+00:00,159.73999999999995,159.78299999999993,159.73299999999995,159.77799999999993,4701
2026-06-01T12:00:00+00:00,159.77799999999993,159.78299999999993,159.72099999999995,159.77299999999994,10173
2026-06-01T13:00:00+00:00,159.77299999999994,160.02599999999995,159.77299999999994,160.01999999999995,18802
2026-06-01T14:00:00+00:00,160.01999999999995,160.05099999999993,159.94499999999994,160.00799999999995,16708
2026-06-01T15:00:00+00:00,160.00799999999995,160.02299999999994,159.86499999999995,159.94699999999995,13914
2026-06-01T16:00:00+00:00,159.94699999999995,159.99799999999993,159.85699999999994,159.88999999999993,13997
2026-06-01T17:00:00+00:00,159.88999999999993,159.96999999999994,159.85499999999993,159.92099999999994,12216
2026-06-01T18:00:00+00:00,159.92099999999994,160.05399999999995,159.90499999999994,160.04699999999994,6276
2026-06-01T19:00:00+00:00,160.04699999999994,160.04699999999994,159.93599999999995,159.98099999999994,7405
2026-06-01T20:00:00+00:00,159.98099999999994,159.99399999999994,159.94199999999995,159.94499999999994,3769
2026-06-01T21:00:00+00:00,159.94499999999994,159.94499999999994,159.85599999999994,159.88799999999995,2712
2026-06-01T22:00:00+00:00,159.88799999999995,159.95499999999993,159.88799999999995,159.94199999999995,2744
2026-06-01T23:00:00+00:00,159.94199999999995,159.94599999999994,159.90799999999993,159.93399999999994,1966
2026-06-02T00:00:00+00:00,159.93399999999994,160.01099999999994,159.92399999999995,159.95099999999994,7011
2026-06-02T01:00:00+00:00,159.95099999999994,160.01199999999994,159.92399999999995,159.99399999999994,9291
2026-06-02T02:00:00+00:00,159.99399999999994,160.01099999999994,159.96799999999993,160.00199999999995,5401
2026-06-02T03:00:00+00:00,160.00199999999995,160.01299999999995,159.97999999999993,160.00699999999995,3518
2026-06-02T04:00:00+00:00,160.00699999999995,160.01599999999993,159.99699999999993,160.01499999999993,3662
2026-06-02T05:00:00+00:00,160.01499999999993,160.02899999999994,159.99999999999994,160.02699999999993,3226
2026-06-02T06:00:00+00:00,160.02699999999993,160.03299999999993,159.97599999999994,159.98999999999995,9470
2026-06-02T07:00:00+00:00,159.98999999999995,160.01599999999993,159.97899999999993,159.98099999999994,6629
2026-06-02T08:00:00+00:00,159.98099999999994,160.03299999999993,159.94299999999993,160.02999999999994,8363
2026-06-02T09:00:00+00:00,160.02999999999994,160.03699999999995,159.98299999999995,160.02799999999993,4435
2026-06-02T10:00:00+00:00,160.02799999999993,160.04099999999994,159.99399999999994,160.01599999999993,3904
2026-06-02T11:00:00+00:00,160.01599999999993,160.03599999999994,159.99899999999994,160.02899999999994,4968
2026-06-02T12:00:00+00:00,160.02899999999994,160.07199999999995,160.02199999999993,160.06899999999993,5970
2026-06-02T13:00:00+00:00,160.06899999999993,160.12199999999993,160.05499999999995,160.09199999999993,6546
2026-06-02T14:00:00+00:00,160.09199999999993,160.16199999999995,160.09199999999993,160.14799999999994,6520
2026-06-02T15:00:00+00:00,160.14799999999994,160.18899999999994,160.14399999999995,160.16199999999995,4937
2026-06-02T16:00:00+00:00,160.16199999999995,160.23299999999995,160.14999999999995,160.19199999999995,4303
2026-06-02T17:00:00+00:00,160.19199999999995,160.25499999999994,160.17599999999993,160.24999999999994,5436
2026-06-02T18:00:00+00:00,160.24999999999994,160.27499999999995,160.18999999999994,160.19099999999995,4339
2026-06-02T19:00:00+00:00,160.19099999999995,160.24099999999993,160.17499999999993,160.21399999999994,3479
2026-06-02T20:00:00+00:00,160.21399999999994,160.23699999999988,160.1909999999999,160.19499999999988,2381.7647247827786
2026-06-02T21:00:00+00:00,160.19499999999988,160.19499999999988,160.11699999999988,160.1909999999999,1613.151596028611
2026-06-02T22:00:00+00:00,160.1909999999999,160.2459999999999,160.16599999999988,160.24299999999988,1741
2026-06-02T23:00:00+00:00,160.24299999999988,160.28499999999988,160.23699999999988,160.2699999999999,3206
2026-06-03T00:00:00+00:00,160.2699999999999,160.27199999999988,160.1799999999999,160.2269999999999,7177
2026-06-03T01:00:00+00:00,160.2269999999999,160.23199999999989,160.10099999999989,160.14599999999987,6375
2026-06-03T02:00:00+00:00,160.14599999999987,160.1669999999999,160.1209999999999,160.15999999999988,4515
2026-06-03T03:00:00+00:00,160.15999999999988,160.18899999999988,160.1549999999999,160.1739999999999,3511
2026-06-03T04:00:00+00:00,160.1739999999999,160.1859999999999,160.15299999999988,160.17599999999987,3667
2026-06-03T05:00:00+00:00,160.17599999999987,160.21899999999988,160.1569999999999,160.21299999999988,5542
2026-06-03T06:00:00+00:00,160.21299999999988,160.27299999999988,160.1919999999999,160.26599999999988,8249
2026-06-03T07:00:00+00:00,160.26599999999988,160.28299999999987,159.8289999999999,159.9879999999999,17414
2026-06-03T08:00:00+00:00,159.9879999999999,160.10399999999987,159.65299999999988,160.0429999999999,19070
2026-06-03T09:00:00+00:00,160.0429999999999,160.17099999999988,160.0419999999999,160.0779999999999,5490
2026-06-03T10:00:00+00:00,160.0779999999999,160.14199999999988,159.95099999999988,160.07999999999987,9466
2026-06-03T11:00:00+00:00,160.07999999999987,160.1259999999999,160.0669999999999,160.12399999999988,4995
2026-06-03T12:00:00+00:00,160.12399999999988,160.21999999999989,160.09199999999987,160.20499999999987,11513
2026-06-03T13:00:00+00:00,160.20499999999987,160.27099999999987,160.17699999999988,160.25899999999987,10069
2026-06-03T14:00:00+00:00,160.25899999999987,160.28299999999987,160.18199999999987,160.23199999999989,12526
2026-06-03T15:00:00+00:00,160.23199999999989,160.2929999999999,160.22399999999988,160.2569999999999,10211
2026-06-03T16:00:00+00:00,160.2569999999999,160.3339999999999,160.2379999999999,160.27199999999988,8901
2026-06-03T17:00:00+00:00,160.27199999999988,160.33699999999988,160.2389999999999,160.3339999999999,5574
2026-06-03T18:00:00+00:00,160.3339999999999,160.34499999999989,160.30599999999987,160.31899999999987,5579
2026-06-03T19:00:00+00:00,160.31899999999987,160.36799999999988,160.28999999999988,160.36199999999988,5770
2026-06-03T20:00:00+00:00,160.36199999999988,160.37799999999987,160.34199999999987,160.35099999999989,2827
2026-06-03T21:00:00+00:00,160.35099999999989,160.35099999999989,160.26899999999986,160.28999999999985,859.0904808926721
2026-06-03T22:00:00+00:00,160.28999999999985,160.36499999999987,160.11699999999985,160.20699999999985,3432
2026-06-03T23:00:00+00:00,160.20699999999985,160.26899999999986,160.17999999999986,160.23499999999987,5282
2026-06-04T00:00:00+00:00,160.23499999999987,160.25499999999985,160.17599999999985,160.19599999999986,8950
2026-06-04T01:00:00+00:00,160.19599999999986,160.21799999999985,160.15899999999985,160.17199999999985,9701
2026-06-04T02:00:00+00:00,160.17199999999985,160.20199999999986,160.16199999999986,160.18399999999986,5429
2026-06-04T03:00:00+00:00,160.18399999999986,160.2769999999999,160.18299999999988,160.2589999999999,4210.485307017544
2026-06-04T04:00:00+00:00,160.2589999999999,160.2799999999999,159.8769999999999,160.1579999999999,8886
2026-06-04T05:00:00+00:00,160.1579999999999,160.21999999999989,160.1459999999999,160.1739999999999,6335
2026-06-04T06:00:00+00:00,160.1739999999999,160.2089999999999,160.1129999999999,160.1919999999999,10143
2026-06-04T07:00:00+00:00,160.1919999999999,160.2159999999999,160.1519999999999,160.1909999999999,9884
2026-06-04T08:00:00+00:00,160.1909999999999,160.20799999999988,160.1309999999999,160.1639999999999,10260
2026-06-04T09:00:00+00:00,160.1639999999999,160.18399999999988,160.12999999999988,160.1429999999999,10096
2026-06-04T10:00:00+00:00,160.1429999999999,160.1849999999999,160.14199999999988,160.16499999999988,6624
2026-06-04T11:00:00+00:00,160.16499999999988,160.16499999999988,160.0359999999999,160.0559999999999,11982
2026-06-04T12:00:00+00:00,160.0559999999999,160.1639999999999,160.0429999999999,160.15299999999988,12243
2026-06-04T13:00:00+00:00,160.15299999999988,160.2099999999999,160.1309999999999,160.20599999999988,10912
2026-06-04T14:00:00+00:00,160.20599999999988,160.29099999999988,160.1629999999999,160.2739999999999,8884
2026-06-04T15:00:00+00:00,160.2739999999999,160.3179999999999,160.2459999999999,160.2589999999999,6514
2026-06-04T16:00:00+00:00,160.2589999999999,160.2809999999999,160.2269999999999,160.2569999999999,5771
2026-06-04T17:00:00+00:00,160.2569999999999,160.28999999999988,160.2559999999999,160.2829999999999,4299
2026-06-04T18:00:00+00:00,160.2829999999999,160.31999999999988,160.2559999999999,160.31499999999988,5290
2026-06-04T19:00:00+00:00,160.31499999999988,160.32099999999988,160.2929999999999,160.30099999999987,4033
2026-06-04T20:00:00+00:00,160.30099999999987,160.33299999999988,160.2939999999999,160.2999999999999,3963
2026-06-04T21:00:00+00:00,160.2999999999999,160.2999999999999,160.20599999999988,160.22599999999986,812.3581460674158
2026-06-04T22:00:00+00:00,160.22599999999986,160.31099999999986,160.22599999999986,160.28999999999988,896
2026-06-04T23:00:00+00:00,160.28999999999988,160.30199999999985,160.26199999999986,160.28499999999985,2070
2026-06-05T00:00:00+00:00,160.28499999999985,160.29699999999985,160.23299999999986,160.24699999999987,8461
2026-06-05T01:00:00+00:00,160.24699999999987,160.25999999999988,160.18799999999987,160.24999999999986,9334
2026-06-05T02:00:00+00:00,160.24999999999986,160.26399999999987,160.22599999999986,160.26299999999986,4445
2026-06-05T03:00:00+00:00,160.26299999999986,160.28299999999987,160.23199999999986,160.24599999999987,4671
2026-06-05T04:00:00+00:00,160.24599999999987,160.25899999999987,160.23099999999985,160.24899999999985,2965
2026-06-05T05:00:00+00:00,160.24899999999985,160.25899999999987,160.20799999999986,160.24999999999986,3461.3167409400485
2026-06-05T06:00:00+00:00,160.24999999999986,160.25999999999985,160.21099999999984,160.22599999999986,6569
2026-06-05T07:00:00+00:00,160.22599999999986,160.23899999999986,160.19499999999985,160.23699999999985,7313
2026-06-05T08:00:00+00:00,160.23699999999985,160.23999999999987,160.20599999999985,160.23399999999987,4958
2026-06-05T09:00:00+00:00,160.23399999999987,160.24499999999986,160.17999999999986,160.22999999999985,7255
2026-06-05T10:00:00+00:00,160.22999999999985,160.23699999999985,160.19099999999986,160.19699999999986,5443
2026-06-05T11:00:00+00:00,160.19699999999986,160.21599999999987,160.11799999999985,160.13299999999987,7682
2026-06-05T12:00:00+00:00,160.13299999999987,160.50899999999984,160.12299999999985,160.49899999999985,18803
2026-06-05T13:00:00+00:00,160.49899999999985,160.54999999999984,159.99599999999987,160.43299999999985,27625
2026-06-05T14:00:00+00:00,160.43299999999985,160.56999999999985,160.34699999999987,160.55799999999985,14363
2026-06-05T15:00:00+00:00,160.55799999999985,160.58699999999985,160.49099999999984,160.55099999999985,9407
2026-06-05T16:00:00+00:00,160.55099999999985,160.62799999999984,160.52799999999985,160.56599999999986,8453
2026-06-05T17:00:00+00:00,160.56599999999986,160.62799999999984,160.55699999999985,160.60799999999986,5710
2026-06-05T18:00:00+00:00,160.60799999999986,160.62799999999984,160.37699999999987,160.44899999999984,8452
2026-06-05T19:00:00+00:00,160.44899999999984,160.49399999999986,160.40199999999984,160.47099999999986,4153
2026-06-05T20:00:00+00:00,160.47099999999986,160.58499999999987,160.46199999999985,160.56899999999987,3941.5106382978724
2026-06-07T21:00:00+00:00,160.56899999999987,160.5999999999998,160.49099999999981,160.5879999999998,362.3187706583433
2026-06-07T22:00:00+00:00,160.5879999999998,160.7049999999998,160.5639999999998,160.6799999999998,3712
2026-06-07T23:00:00+00:00,160.6799999999998,160.6919999999998,160.5889999999998,160.68199999999982,5195
2026-06-08T00:00:00+00:00,160.68199999999982,160.6929999999998,160.58899999999983,160.67099999999982,11724
2026-06-08T01:00:00+00:00,160.67099999999982,160.6979999999998,160.60999999999981,160.68199999999982,12306
2026-06-08T02:00:00+00:00,160.68199999999982,160.7259999999998,160.6739999999998,160.72299999999981,5191
2026-06-08T03:00:00+00:00,160.72299999999981,160.7399999999998,160.6859999999998,160.6859999999998,4027
2026-06-08T04:00:00+00:00,160.6859999999998,160.7029999999998,160.63599999999983,160.6919999999998,5099
2026-06-08T05:00:00+00:00,160.6919999999998,160.6929999999998,160.5489999999998,160.60999999999981,8512
2026-06-08T06:00:00+00:00,160.60999999999981,160.68799999999982,160.57599999999982,160.61199999999982,10822
2026-06-08T07:00:00+00:00,160.61199999999982,160.6129999999998,160.49799999999982,160.57599999999982,12053
2026-06-08T08:00:00+00:00,160.57599999999982,160.58899999999983,160.19599999999983,160.37299999999982,14885
2026-06-08T09:00:00+00:00,160.37299999999982,160.4229999999998,160.33099999999982,160.3579999999998,15481
2026-06-08T10:00:00+00:00,160.3579999999998,160.4239999999998,160.2809999999998,160.3529999999998,10559
2026-06-08T11:00:00+00:00,160.3529999999998,160.3589999999998,160.2329999999998,160.31899999999982,14463
2026-06-08T12:00:00+00:00,160.31899999999982,160.3299999999998,160.2629999999998,160.3059999999998,9644
2026-06-08T13:00:00+00:00,160.3059999999998,160.3869999999998,160.28399999999982,160.3819999999998,10348
2026-06-08T14:00:00+00:00,160.3819999999998,160.5489999999998,160.37899999999982,160.4239999999998,10372
2026-06-08T15:00:00+00:00,160.4239999999998,160.4879999999998,160.38499999999982,160.46899999999982,9421
2026-06-08T16:00:00+00:00,160.46899999999982,160.5179999999998,160.4309999999998,160.5069999999998,6998
2026-06-08T17:00:00+00:00,160.5069999999998,160.55299999999983,160.4709999999998,160.5119999999998,7050
2026-06-08T18:00:00+00:00,160.5119999999998,160.61599999999981,160.48699999999982,160.6019999999998,3512
2026-06-08T19:00:00+00:00,160.6019999999998,160.61799999999982,160.5559999999998,160.5599999999998,5030
2026-06-08T20:00:00+00:00,160.5599999999998,160.5729999999998,160.51099999999983,160.52099999999982,3982
2026-06-08T21:00:00+00:00,160.52099999999982,160.52099999999982,160.4299999999998,160.47399999999982,1012.0427510982516
2026-06-08T22:00:00+00:00,160.47399999999982,160.5339999999998,160.47299999999981,160.52399999999977,1881.9407961204283
2026-06-08T23:00:00+00:00,160.52399999999977,160.5759999999998,160.5089999999998,160.5279999999998,2166
2026-06-09T00:00:00+00:00,160.5279999999998,160.62499999999977,160.4789999999998,160.5819999999998,8535
2026-06-09T01:00:00+00:00,160.5819999999998,160.59699999999978,160.5219999999998,160.5389999999998,10472
2026-06-09T02:00:00+00:00,160.5389999999998,160.57099999999977,160.5329999999998,160.56799999999978,4197
2026-06-09T03:00:00+00:00,160.56799999999978,160.60399999999981,160.5519999999998,160.6029999999998,5074
2026-06-09T04:00:00+00:00,160.6029999999998,160.60399999999981,160.5319999999998,160.5369999999998,3225
2026-06-09T05:00:00+00:00,160.5369999999998,160.5549999999998,160.4559999999998,160.4999999999998,6561
2026-06-09T06:00:00+00:00,160.4999999999998,160.5279999999998,160.4009999999998,160.5169999999998,10144
2026-06-09T07:00:00+00:00,160.5169999999998,160.5629999999998,160.4999999999998,160.5449999999998,10779
2026-06-09T08:00:00+00:00,160.5449999999998,160.5719999999998,160.5179999999998,160.5259999999998,7142
2026-06-09T09:00:00+00:00,160.5259999999998,160.5459999999998,160.4929999999998,160.5379999999998,5177
2026-06-09T10:00:00+00:00,160.5379999999998,160.5619999999998,160.4919999999998,160.5149999999998,6122
2026-06-09T11:00:00+00:00,160.5149999999998,160.5269999999998,160.4909999999998,160.5059999999998,4489
2026-06-09T12:00:00+00:00,160.5059999999998,160.5439999999998,160.4939999999998,160.5349999999998,6886
2026-06-09T13:00:00+00:00,160.5349999999998,160.5749999999998,160.4939999999998,160.5429999999998,9528
2026-06-09T14:00:00+00:00,160.5429999999998,160.6079999999998,160.4939999999998,160.5999999999998,10944
2026-06-09T15:00:00+00:00,160.5999999999998,160.6519999999998,160.5609999999998,160.5759999999998,10324
2026-06-09T16:00:00+00:00,160.5759999999998,160.7939999999998,160.5619999999998,160.7479999999998,12379
2026-06-09T17:00:00+00:00,160.7479999999998,160.7519999999998,160.6309999999998,160.7029999999998,10040
2026-06-09T18:00:00+00:00,160.7029999999998,160.7269999999998,160.6799999999998,160.7059999999998,6322
2026-06-09T19:00:00+00:00,160.7059999999998,160.7699999999998,160.7039999999998,160.7609999999998,4869
2026-06-09T20:00:00+00:00,160.7609999999998,160.7719999999998,160.6959999999998,160.6959999999998,3220
2026-06-09T21:00:00+00:00,160.6959999999998,160.71699999999979,160.6489999999998,160.67899999999975,635.3520748253013
2026-06-09T22:00:00+00:00,160.67899999999975,160.74199999999973,160.67699999999977,160.74199999999973,1632.343561973526
2026-06-09T23:00:00+00:00,160.74199999999973,160.75999999999974,160.71599999999975,160.72899999999973,2489
2026-06-10T00:00:00+00:00,160.72899999999973,160.77399999999975,160.69299999999973,160.72299999999973,8728
2026-06-10T01:00:00+00:00,160.72299999999973,160.73499999999973,160.57799999999975,160.71999999999974,7633
2026-06-10T02:00:00+00:00,160.71999999999974,160.72199999999975,160.67799999999974,160.70399999999975,6112
2026-06-10T03:00:00+00:00,160.70399999999975,160.71199999999973,160.67899999999975,160.69999999999973,4682
2026-06-10T04:00:00+00:00,160.69999999999973,160.71199999999973,160.68599999999975,160.71099999999973,4155
2026-06-10T05:00:00+00:00,160.71099999999973,160.71699999999973,160.66799999999975,160.68499999999975,4480
2026-06-10T06:00:00+00:00,160.68499999999975,160.72999999999973,160.66599999999974,160.72399999999973,7001
2026-06-10T07:00:00+00:00,160.72399999999973,160.73699999999974,160.68899999999974,160.73099999999974,5354
2026-06-10T08:00:00+00:00,160.73099999999974,160.77099999999973,160.72399999999973,160.76499999999973,5734
2026-06-10T09:00:00+00:00,160.76499999999973,160.81699999999975,160.74599999999973,160.78299999999973,5375
2026-06-10T10:00:00+00:00,160.78299999999973,160.81799999999973,160.78199999999973,160.80299999999974,4103
2026-06-10T11:00:00+00:00,160.80299999999974,160.86799999999974,160.79699999999974,160.83699999999973,9615
2026-06-10T12:00:00+00:00,160.83699999999973,160.85499999999973,160.65999999999974,160.77699999999973,13844
2026-06-10T13:00:00+00:00,160.77699999999973,160.79599999999974,160.68099999999973,160.72499999999974,11431
2026-06-10T14:00:00+00:00,160.72499999999974,160.83299999999974,160.70899999999975,160.82499999999973,11178
2026-06-10T15:00:00+00:00,160.82499999999973,160.86799999999974,160.78299999999973,160.81399999999974,11289
2026-06-10T16:00:00+00:00,160.81399999999974,160.84999999999974,160.78099999999975,160.82799999999975,7032
2026-06-10T17:00:00+00:00,160.82799999999975,160.88499999999974,160.79999999999973,160.84499999999974,8644
2026-06-10T18:00:00+00:00,160.84499999999974,160.84599999999975,160.78999999999974,160.83799999999974,6235
2026-06-10T19:00:00+00:00,160.83799999999974,160.88199999999975,160.83399999999975,160.87799999999973,3989
2026-06-10T20:00:00+00:00,160.87799999999973,160.91299999999973,160.86099999999973,160.87699999999973,3209
2026-06-10T21:00:00+00:00,160.87699999999973,160.87699999999973,160.78099999999975,160.84999999999974,630.8924196371005
2026-06-10T22:00:00+00:00,160.84999999999974,160.89999999999975,160.84399999999974,160.88299999999973,2228
2026-06-10T23:00:00+00:00,160.88299999999973,160.90199999999973,160.85399999999973,160.87099999999973,5189
2026-06-11T00:00:00+00:00,160.87099999999973,160.88699999999974,160.83099999999973,160.85399999999973,7316
2026-06-11T01:00:00+00:00,160.85399999999973,160.88499999999974,160.76399999999973,160.82699999999974,4072
2026-06-11T02:00:00+00:00,160.82699999999974,160.87499999999974,160.81299999999973,160.85499999999973,3347
2026-06-11T03:00:00+00:00,160.85499999999973,160.87499999999974,160.84699999999975,160.84999999999974,2224
2026-06-11T04:00:00+00:00,160.84999999999974,160.87199999999973,160.83399999999975,160.84499999999974,1814
2026-06-11T05:00:00+00:00,160.84499999999974,160.88899999999973,160.83299999999974,160.88399999999973,1915
2026-06-11T06:00:00+00:00,160.88399999999973,160.92799999999974,160.87499999999974,160.89599999999973,4223
2026-06-11T07:00:00+00:00,160.89599999999973,160.89599999999973,160.83199999999974,160.84599999999975,4523
2026-06-11T08:00:00+00:00,160.84599999999975,160.88399999999973,160.83799999999974,160.87399999999974,3870
2026-06-11T09:00:00+00:00,160.87399999999974,160.88899999999973,160.85299999999972,160.87099999999973,2639
2026-06-11T10:00:00+00:00,160.87099999999973,160.89299999999974,160.86099999999973,160.86599999999973,4031
2026-06-11T11:00:00+00:00,160.86599999999973,160.87699999999973,160.84699999999975,160.87399999999974,3821
2026-06-11T12:00:00+00:00,160.87399999999974,160.93499999999975,160.86099999999973,160.87399999999974,10312
2026-06-11T13:00:00+00:00,160.87399999999974,160.90099999999973,160.79599999999974,160.82599999999974,11101
2026-06-11T14:00:00+00:00,160.82599999999974,160.89199999999974,160.81199999999973,160.84699999999975,6050
2026-06-11T15:00:00+00:00,160.84699999999975,160.85999999999973,160.80899999999974,160.84799999999973,5612
2026-06-11T16:00:00+00:00,160.84799999999973,160.89599999999973,160.84499999999974,160.86799999999974,3308
2026-06-11T17:00:00+00:00,160.86799999999974,160.88699999999974,160.37199999999973,160.46199999999973,18863
2026-06-11T18:00:00+00:00,160.46199999999973,160.62899999999973,160.27699999999973,160.41699999999975,14534
2026-06-11T19:00:00+00:00,160.41699999999975,160.42099999999974,159.87399999999974,160.13299999999973,15302
2026-06-11T20:00:00+00:00,160.13299999999973,160.32199999999975,160.08199999999974,160.20899999999975,5476
2026-06-11T21:00:00+00:00,160.20899999999975,160.3199999999997,160.19599999999974,160.2669999999997,1826.5327041720288
2026-06-11T22:00:00+00:00,160.2669999999997,160.4319999999997,160.2669999999997,160.3609999999997,5298
2026-06-11T23:00:00+00:00,160.3609999999997,160.4919999999997,160.3129999999997,160.4789999999997,4734
2026-06-12T00:00:00+00:00,160.4789999999997,160.5619999999997,160.46999999999971,160.5139999999997,10898
2026-06-12T01:00:00+00:00,160.5139999999997,160.6099999999997,160.4939999999997,160.6099999999997,8532
2026-06-12T02:00:00+00:00,160.6099999999997,160.6499999999997,160.5879999999997,160.6329999999997,5076
2026-06-12T03:00:00+00:00,160.6329999999997,160.6399999999997,160.55199999999974,160.57199999999975,6530.26664094154
2026-06-12T04:00:00+00:00,160.57199999999975,160.60999999999973,160.56699999999975,160.59599999999975,5982
2026-06-12T05:00:00+00:00,160.59599999999975,160.69199999999975,160.58099999999973,160.68499999999975,5960
2026-06-12T06:00:00+00:00,160.68499999999975,160.69799999999975,160.59799999999976,160.65999999999974,10499
2026-06-12T07:00:00+00:00,160.65999999999974,160.71699999999976,160.60999999999973,160.62399999999974,8337
2026-06-12T08:00:00+00:00,160.62399999999974,160.63399999999973,160.29099999999974,160.43399999999974,18852
2026-06-12T09:00:00+00:00,160.43399999999974,160.45299999999975,160.29499999999973,160.40699999999975,13798
2026-06-12T10:00:00+00:00,160.40699999999975,160.53299999999973,160.37799999999973,160.43499999999975,10614
2026-06-12T11:00:00+00:00,160.43499999999975,160.52399999999975,160.43199999999973,160.51199999999974,7943
2026-06-12T12:00:00+00:00,160.51199999999974,160.64899999999975,160.51199999999974,160.59699999999975,10067
2026-06-12T13:00:00+00:00,160.59699999999975,160.68099999999976,160.53099999999975,160.60999999999973,13139
2026-06-12T14:00:00+00:00,160.60999999999973,160.63099999999974,160.49899999999974,160.58199999999974,16490
2026-06-12T15:00:00+00:00,160.58199999999974,160.59099999999975,160.50799999999975,160.58699999999973,12336
2026-06-12T16:00:00+00:00,160.58699999999973,160.61899999999974,160.51899999999975,160.57099999999974,9306
2026-06-12T17:00:00+00:00,160.57099999999974,160.57799999999975,160.52499999999975,160.53999999999974,5128
2026-06-12T18:00:00+00:00,160.53999999999974,160.58099999999973,160.53299999999973,160.57499999999973,4445
2026-06-12T19:00:00+00:00,160.57499999999973,160.58399999999975,160.53899999999973,160.54799999999975,4669
2026-06-12T20:00:00+00:00,160.54799999999975,160.57199999999975,160.50599999999974,160.50599999999974,2481.2353486646884
2026-06-14T21:00:00+00:00,160.50599999999974,160.59699999999975,160.22899999999976,160.24799999999976,936.9365786371559
2026-06-14T22:00:00+00:00,160.24799999999976,160.41099999999975,160.18299999999977,160.38899999999975,6110
2026-06-14T23:00:00+00:00,160.38899999999975,160.42999999999975,160.35199999999975,160.41399999999976,3488
2026-06-15T00:00:00+00:00,160.41399999999976,160.57599999999977,160.33399999999975,160.55999999999975,9789
2026-06-15T01:00:00+00:00,160.55999999999975,160.66799999999975,160.54299999999975,160.65599999999975,6281
2026-06-15T02:00:00+00:00,160.65599999999975,160.67999999999975,160.57299999999975,160.59399999999977,4356
2026-06-15T03:00:00+00:00,160.59399999999977,160.59499999999974,160.49999999999974,160.50699999999975,3543
2026-06-15T04:00:00+00:00,160.50699999999975,160.54499999999976,160.46499999999975,160.50099999999975,3577
2026-06-15T05:00:00+00:00,160.50099999999975,160.50899999999976,160.43999999999977,160.50199999999975,4440
2026-06-15T06:00:00+00:00,160.50199999999975,160.61299999999974,160.49599999999975,160.57999999999976,8097
2026-06-15T07:00:00+00:00,160.57999999999976,160.58899999999974,160.49499999999975,160.56399999999977,8665
2026-06-15T08:00:00+00:00,160.56399999999977,160.59899999999976,160.52799999999976,160.58599999999976,6980
2026-06-15T09:00:00+00:00,160.58599999999976,160.59699999999975,160.54099999999977,160.57399999999976,4776
2026-06-15T10:00:00+00:00,160.57399999999976,160.59899999999976,160.54099999999977,160.57699999999977,4812
2026-06-15T11:00:00+00:00,160.57699999999977,160.65699999999975,160.56499999999977,160.63799999999975,5961.162799585085
2026-06-15T12:00:00+00:00,160.63799999999975,160.64399999999975,160.56999999999977,160.58999999999975,8378
2026-06-15T13:00:00+00:00,160.58999999999975,160.60499999999976,160.51999999999975,160.52299999999977,6608
2026-06-15T14:00:00+00:00,160.52299999999977,160.58899999999974,160.48099999999977,160.58599999999976,7919
2026-06-15T15:00:00+00:00,160.58599999999976,160.65499999999975,160.57799999999975,160.65199999999976,6679
2026-06-15T16:00:00+00:00,160.65199999999976,160.69299999999976,160.59699999999975,160.66799999999975,5349
2026-06-15T17:00:00+00:00,160.66799999999975,160.73199999999974,160.66399999999976,160.72299999999976,3507
2026-06-15T18:00:00+00:00,160.72299999999976,160.77099999999976,160.70599999999976,160.75899999999976,5497
2026-06-15T19:00:00+00:00,160.75899999999976,160.84399999999977,160.73299999999975,160.83899999999974,6287
2026-06-15T20:00:00+00:00,160.83899999999974,160.84799999999976,160.75799999999975,160.77099999999976,5156
2026-06-15T21:00:00+00:00,160.77099999999976,160.80899999999977,160.71599999999975,160.78799999999976,688.2244991789819
2026-06-15T22:00:00+00:00,160.78799999999976,160.80499999999975,160.76499999999976,160.77999999999975,1124
2026-06-15T23:00:00+00:00,160.77999999999975,160.77999999999975,160.67199999999977,160.69699999999975,1745
2026-06-16T00:00:00+00:00,160.69699999999975,160.72399999999976,160.60499999999976,160.65099999999975,6570
2026-06-16T01:00:00+00:00,160.65099999999975,160.66699999999975,160.55399999999975,160.61199999999977,7724
2026-06-16T02:00:00+00:00,160.61199999999977,160.64599999999976,160.55299999999977,160.58999999999975,3369
2026-06-16T03:00:00+00:00,160.58999999999975,160.69899999999976,160.49999999999974,160.65899999999976,9050
2026-06-16T04:00:00+00:00,160.65899999999976,160.80099999999976,160.64199999999977,160.70599999999976,8042
2026-06-16T05:00:00+00:00,160.70599999999976,160.75499999999977,160.68299999999977,160.74599999999975,5547
2026-06-16T06:00:00+00:00,160.74599999999975,160.74699999999976,160.59499999999974,160.66199999999975,11312
2026-06-16T07:00:00+00:00,160.66199999999975,160.79499999999976,160.64599999999976,160.68899999999977,10422
2026-06-16T08:00:00+00:00,160.68899999999977,160.78299999999976,160.67599999999976,160.77299999999977,9729
2026-06-16T09:00:00+00:00,160.77299999999977,160.81299999999976,160.75599999999974,160.79299999999975,6731
2026-06-16T10:00:00+00:00,160.79299999999975,160.79499999999976,160.72899999999976,160.74299999999977,6235
2026-06-16T11:00:00+00:00,160.74299999999977,160.81099999999975,160.74199999999976,160.80899999999977,5906
2026-06-16T12:00:00+00:00,160.80899999999977,160.82799999999975,160.76599999999976,160.77399999999975,6131
2026-06-16T13:00:00+00:00,160.77399999999975,160.85999999999976,160.77199999999976,160.84599999999975,8017
2026-06-16T14:00:00+00:00,160.84599999999975,160.91599999999977,160.82299999999975,160.85099999999974,10642
2026-06-16T15:00:00+00:00,160.85099999999974,160.91099999999975,160.78599999999975,160.84299999999976,9564
2026-06-16T16:00:00+00:00,160.84299999999976,160.85999999999976,160.78599999999975,160.84599999999975,7753
2026-06-16T17:00:00+00:00,160.84599999999975,160.89499999999975,160.83599999999976,160.88799999999975,4862
2026-06-16T18:00:00+00:00,160.88799999999975,160.91299999999976,160.86999999999975,160.88599999999977,4528
2026-06-16T19:00:00+00:00,160.88599999999977,160.92999999999975,160.84899999999976,160.91899999999976,5165
2026-06-16T20:00:00+00:00,160.91899999999976,160.93299999999977,160.82499999999976,160.82499999999976,2217
2026-06-16T21:00:00+00:00,160.82499999999976,160.8969999999998,160.77599999999978,160.85199999999978,757.234448237052
2026-06-16T22:00:00+00:00,160.85199999999978,160.8959999999998,160.85199999999978,160.8569999999998,4989
2026-06-16T23:00:00+00:00,160.8569999999998,160.89399999999978,160.8489999999998,160.8779999999998,1901
2026-06-17T00:00:00+00:00,160.8779999999998,160.8779999999998,160.7969999999998,160.8039999999998,5232
2026-06-17T01:00:00+00:00,160.8039999999998,160.82299999999978,160.7619999999998,160.8019999999998,3339
2026-06-17T02:00:00+00:00,160.8019999999998,160.80499999999978,160.7649999999998,160.7839999999998,3038
2026-06-17T03:00:00+00:00,160.7839999999998,160.8069999999998,160.76399999999978,160.7729999999998,2800
2026-06-17T04:00:00+00:00,160.7729999999998,160.7779999999998,160.7089999999998,160.7189999999998,2796
2026-06-17T05:00:00+00:00,160.7189999999998,160.78099999999978,160.7139999999998,160.7779999999998,2331
2026-06-17T06:00:00+00:00,160.7779999999998,160.79299999999978,160.69899999999978,160.7029999999998,6692
2026-06-17T07:00:00+00:00,160.7029999999998,160.75699999999978,160.6349999999998,160.6409999999998,6725
2026-06-17T08:00:00+00:00,160.6409999999998,160.7069999999998,160.5689999999998,160.6589999999998,9468
2026-06-17T09:00:00+00:00,160.6589999999998,160.6779999999998,160.6159999999998,160.6359999999998,5085
2026-06-17T10:00:00+00:00,160.6359999999998,160.6959999999998,160.63299999999978,160.68699999999978,5196
2026-06-17T11:00:00+00:00,160.68699999999978,160.7839999999998,160.6819999999998,160.76299999999978,6151
2026-06-17T12:00:00+00:00,160.76299999999978,160.7769999999998,160.6829999999998,160.69799999999978,6100
2026-06-17T13:00:00+00:00,160.69799999999978,160.7549999999998,160.6369999999998,160.6469999999998,9490
2026-06-17T14:00:00+00:00,160.6469999999998,160.79899999999978,160.6469999999998,160.7719999999998,11030
2026-06-17T15:00:00+00:00,160.7719999999998,160.78799999999978,160.6429999999998,160.67499999999978,9172
2026-06-17T16:00:00+00:00,160.67499999999978,160.6879999999998,160.65099999999978,160.6519999999998,4768
2026-06-17T17:00:00+00:00,160.6519999999998,160.6969999999998,160.6409999999998,160.6409999999998,5846
2026-06-17T18:00:00+00:00,160.6409999999998,160.95499999999979,160.6409999999998,160.9459999999998,28155
2026-06-17T19:00:00+00:00,160.9459999999998,161.2479999999998,160.9199999999998,161.1839999999998,27064
2026-06-17T20:00:00+00:00,161.1839999999998,161.20999999999978,161.0759999999998,161.0759999999998,7294
2026-06-17T21:00:00+00:00,161.0759999999998,161.07899999999978,160.94199999999978,161.02599999999978,1423.671141254171
2026-06-17T22:00:00+00:00,161.02599999999978,161.0999999999998,160.9759999999998,161.0599999999998,3790
2026-06-17T23:00:00+00:00,161.0599999999998,161.0769999999998,160.9919999999998,161.0589999999998,3056
2026-06-18T00:00:00+00:00,161.0589999999998,161.2019999999998,160.9859999999998,161.1519999999998,10287
2026-06-18T01:00:00+00:00,161.1519999999998,161.1519999999998,161.0749999999998,161.0879999999998,5429
2026-06-18T02:00:00+00:00,161.0879999999998,161.11399999999978,161.01299999999978,161.03099999999978,5206
2026-06-18T03:00:00+00:00,161.03099999999978,161.06699999999978,161.0209999999998,161.03799999999978,3769
2026-06-18T04:00:00+00:00,161.03799999999978,161.0749999999998,161.0279999999998,161.0469999999998,4541
2026-06-18T05:00:00+00:00,161.0469999999998,161.10299999999978,161.0329999999998,161.09599999999978,4068
2026-06-18T06:00:00+00:00,161.09599999999978,161.1349999999998,161.04399999999978,161.08599999999979,8416
2026-06-18T07:00:00+00:00,161.08599999999979,161.1339999999998,161.02599999999978,161.0479999999998,9436
2026-06-18T08:00:00+00:00,161.0479999999998,161.22799999999978,161.04299999999978,161.2259999999998,9019
2026-06-18T09:00:00+00:00,161.2259999999998,161.2559999999998,160.9219999999998,161.2439999999998,15502
2026-06-18T10:00:00+00:00,161.2439999999998,161.40099999999978,161.19899999999978,161.3739999999998,9167
2026-06-18T11:00:00+00:00,161.3739999999998,161.4029999999998,161.3199999999998,161.3809999999998,10090
2026-06-18T12:00:00+00:00,161.3809999999998,161.3979999999998,161.28099999999978,161.3259999999998,13594
2026-06-18T13:00:00+00:00,161.3259999999998,161.3789999999998,161.25199999999978,161.33999999999978,14209
2026-06-18T14:00:00+00:00,161.33999999999978,161.3659999999998,161.2909999999998,161.3089999999998,10856
2026-06-18T15:00:00+00:00,161.3089999999998,161.82499999999976,161.3019999999998,161.81999999999977,12264.616656135473
2026-06-18T16:00:00+00:00,161.81999999999977,161.90399999999977,161.64699999999976,161.87899999999976,12535
2026-06-18T17:00:00+00:00,161.87899999999976,161.90799999999976,161.78899999999976,161.89799999999977,8843
2026-06-18T18:00:00+00:00,161.89799999999977,162.13699999999974,161.85599999999977,162.12799999999976,9954
2026-06-18T19:00:00+00:00,162.12799999999976,162.25899999999976,161.35699999999974,161.88099999999974,26069
2026-06-18T20:00:00+00:00,161.88099999999974,161.91199999999975,161.78299999999976,161.81899999999976,4994
2026-06-18T21:00:00+00:00,161.81899999999976,161.85099999999983,161.75399999999982,161.77399999999983,980.5857322852972
2026-06-18T22:00:00+00:00,161.77399999999983,161.86699999999982,161.6139999999998,161.7149999999998,3383.8417930877154
2026-06-18T23:00:00+00:00,161.7149999999998,161.8019999999998,161.6909999999998,161.7389999999998,3677
2026-06-19T00:00:00+00:00,161.7389999999998,161.7429999999998,161.4459999999998,161.5469999999998,10541
2026-06-19T01:00:00+00:00,161.5469999999998,161.6519999999998,161.4299999999998,161.6379999999998,10079
2026-06-19T02:00:00+00:00,161.6379999999998,161.6839999999998,161.5439999999998,161.6719999999998,7261
2026-06-19T03:00:00+00:00,161.6719999999998,161.7879999999998,161.6459999999998,161.7869999999998,6380
2026-06-19T04:00:00+00:00,161.7869999999998,161.8519999999998,161.7799999999998,161.8169999999998,6709
2026-06-19T05:00:00+00:00,161.8169999999998,161.8999999999998,161.7729999999998,161.7779999999998,10299
2026-06-19T06:00:00+00:00,161.7779999999998,161.8429999999998,161.7099999999998,161.71699999999979,10924
2026-06-19T07:00:00+00:00,161.71699999999979,161.7939999999998,161.6809999999998,161.7599999999998,9781
2026-06-19T08:00:00+00:00,161.7599999999998,161.7669999999998,161.6829999999998,161.7269999999998,7059
2026-06-19T09:00:00+00:00,161.7269999999998,161.7699999999998,161.6749999999998,161.7059999999998,6987
2026-06-19T10:00:00+00:00,161.7059999999998,161.7729999999998,161.6829999999998,161.7209999999998,8895
2026-06-19T11:00:00+00:00,161.7209999999998,161.7529999999998,161.6769999999998,161.7019999999998,7161
2026-06-19T12:00:00+00:00,161.7019999999998,161.7249999999998,161.5989999999998,161.6109999999998,10046
2026-06-19T13:00:00+00:00,161.6109999999998,161.7409999999998,161.5979999999998,161.7359999999998,9347
2026-06-19T14:00:00+00:00,161.7359999999998,161.7629999999998,161.5909999999998,161.6069999999998,8029
2026-06-19T15:00:00+00:00,161.6069999999998,161.7509999999998,161.5729999999998,161.7479999999998,5598
2026-06-19T16:00:00+00:00,161.7479999999998,161.7819999999998,161.7079999999998,161.7759999999998,2148
2026-06-19T17:00:00+00:00,161.7759999999998,161.7789999999998,161.7029999999998,161.7139999999998,1475.302655588565
2026-06-19T18:00:00+00:00,161.7139999999998,161.7249999999998,161.6759999999998,161.7089999999998,1555
2026-06-19T19:00:00+00:00,161.7089999999998,161.73799999999974,161.6709999999998,161.73199999999974,1132.336369349041
2026-06-19T20:00:00+00:00,161.73199999999974,161.75699999999975,161.65599999999975,161.69999999999973,8369.16390436511
2026-06-21T21:00:00+00:00,161.69999999999973,161.78499999999974,161.69899999999976,161.78199999999975,340.44439625240796
2026-06-21T22:00:00+00:00,161.78199999999975,161.93699999999973,161.78199999999975,161.93599999999975,1808.3239155973251
2026-06-21T23:00:00+00:00,161.93599999999975,161.99899999999974,161.90199999999973,161.91999999999973,2809.2169024520367
2026-06-22T00:00:00+00:00,161.91999999999973,162.05099999999973,161.89799999999974,161.97699999999975,8788
2026-06-22T01:00:00+00:00,161.97699999999975,162.03199999999973,161.91899999999973,162.01999999999973,10640
2026-06-22T02:00:00+00:00,162.01999999999973,162.08199999999974,162.00099999999975,162.02199999999974,4477
2026-06-22T03:00:00+00:00,162.02199999999974,162.09099999999975,162.01399999999973,162.07099999999974,4623
2026-06-22T04:00:00+00:00,162.07099999999974,162.17699999999974,162.06999999999974,162.15099999999973,6065
2026-06-22T05:00:00+00:00,162.15099999999973,162.18499999999975,162.12399999999974,162.18299999999974,5645
2026-06-22T06:00:00+00:00,162.18299999999974,162.19899999999973,162.09599999999975,162.16499999999974,8527
2026-06-22T07:00:00+00:00,162.16499999999974,162.24999999999974,162.13099999999974,162.22299999999973,8226
2026-06-22T08:00:00+00:00,162.22299999999973,162.27099999999973,162.18799999999973,162.25499999999974,12200
2026-06-22T09:00:00+00:00,162.25499999999974,162.25699999999975,162.18999999999974,162.22499999999974,9676
2026-06-22T10:00:00+00:00,162.22499999999974,162.23299999999975,162.13599999999974,162.20899999999975,8558
2026-06-22T11:00:00+00:00,162.20899999999975,162.27399999999975,162.15699999999973,162.24699999999973,8835
2026-06-22T12:00:00+00:00,162.24699999999973,162.26599999999974,162.20899999999975,162.25499999999974,9877
2026-06-22T13:00:00+00:00,162.25499999999974,162.39099999999974,162.21499999999975,162.38099999999974,14098
2026-06-22T14:00:00+00:00,162.38099999999974,162.40899999999974,161.55299999999974,161.80899999999974,37356
2026-06-22T15:00:00+00:00,161.80899999999974,162.02899999999974,161.64399999999975,161.99099999999973,21881
2026-06-22T16:00:00+00:00,161.99099999999973,162.13099999999974,161.95999999999975,162.03799999999973,10624
2026-06-22T17:00:00+00:00,162.03799999999973,162.04799999999975,161.96799999999973,161.98499999999973,6122
2026-06-22T18:00:00+00:00,161.98499999999973,162.00699999999975,161.88199999999975,161.90199999999973,6558
2026-06-22T19:00:00+00:00,161.90199999999973,162.17399999999975,161.90199999999973,162.08699999999973,7557
2026-06-22T20:00:00+00:00,162.08699999999973,162.09799999999973,162.04299999999975,162.04399999999973,5611
2026-06-22T21:00:00+00:00,162.04399999999973,162.04399999999973,161.96299999999974,162.00199999999973,2054.4866559445136
2026-06-22T22:00:00+00:00,162.00199999999973,162.1219999999997,162.00199999999973,162.06699999999972,1965
2026-06-22T23:00:00+00:00,162.06699999999972,162.07299999999972,162.03799999999973,162.06199999999973,2695
2026-06-23T00:00:00+00:00,162.06199999999973,162.11399999999972,162.00199999999973,162.06099999999972,9840
2026-06-23T01:00:00+00:00,162.06099999999972,162.08999999999972,162.03699999999972,162.0709999999997,4878
2026-06-23T02:00:00+00:00,162.0709999999997,162.0809999999997,162.0089999999997,162.0639999999997,4025
2026-06-23T03:00:00+00:00,162.0639999999997,162.08899999999971,162.0209999999997,162.0389999999997,4167
2026-06-23T04:00:00+00:00,162.0389999999997,162.09799999999973,162.0349999999997,162.09499999999971,4011
2026-06-23T05:00:00+00:00,162.09499999999971,162.16899999999973,162.07199999999972,162.13699999999972,4806
2026-06-23T06:00:00+00:00,162.13699999999972,162.2249999999997,162.1239999999997,162.12699999999973,9314
2026-06-23T07:00:00+00:00,162.12699999999973,162.14299999999972,161.80599999999973,161.94899999999973,23134
2026-06-23T08:00:00+00:00,161.94899999999973,161.9689999999997,161.7489999999997,161.9199999999997,16011
2026-06-23T09:00:00+00:00,161.9199999999997,161.9509999999997,161.82199999999972,161.86899999999972,10859
2026-06-23T10:00:00+00:00,161.86899999999972,161.96499999999972,161.83499999999972,161.9389999999997,7924
2026-06-23T11:00:00+00:00,161.9389999999997,162.09699999999972,161.9139999999997,162.07299999999972,8800
2026-06-23T12:00:00+00:00,162.07299999999972,162.09199999999973,161.92899999999972,162.0409999999997,10490
2026-06-23T13:00:00+00:00,162.0409999999997,162.0649999999997,161.9499999999997,162.00799999999973,11284
2026-06-23T14:00:00+00:00,162.00799999999973,162.06799999999973,161.97299999999973,162.0269999999997,11694
2026-06-23T15:00:00+00:00,162.0269999999997,162.0709999999997,161.98899999999972,162.0329999999997,8388
2026-06-23T16:00:00+00:00,162.0329999999997,162.0829999999997,162.0229999999997,162.07999999999973,4890
2026-06-23T17:00:00+00:00,162.07999999999973,162.10299999999972,162.0289999999997,162.04199999999972,6025
2026-06-23T18:00:00+00:00,162.04199999999972,162.07999999999973,162.02999999999972,162.0529999999997,4610
2026-06-23T19:00:00+00:00,162.0529999999997,162.0629999999997,161.99599999999973,162.0629999999997,6147
2026-06-23T20:00:00+00:00,162.0629999999997,162.09599999999972,162.04999999999973,162.0519999999997,2537
2026-06-23T21:00:00+00:00,162.0519999999997,162.0519999999997,161.93999999999969,161.9849999999997,830.2958435477587
2026-06-23T22:00:00+00:00,161.9849999999997,162.09299999999968,161.9849999999997,162.0489999999997,1143.7650596054436
2026-06-23T23:00:00+00:00,162.0489999999997,162.09999999999968,162.0239999999997,162.0909999999997,2679
2026-06-24T00:00:00+00:00,162.0909999999997,162.12299999999968,162.04099999999968,162.11199999999968,6102
2026-06-24T01:00:00+00:00,162.11199999999968,162.1149999999997,162.0369999999997,162.05899999999968,5565
2026-06-24T02:00:00+00:00,162.05899999999968,162.07699999999969,162.02099999999967,162.0379999999997,4606
2026-06-24T03:00:00+00:00,162.0379999999997,162.0919999999997,162.03499999999968,162.0419999999997,6146
2026-06-24T04:00:00+00:00,162.0419999999997,162.0559999999997,162.02099999999967,162.0479999999997,4044
2026-06-24T05:00:00+00:00,162.0479999999997,162.1069999999997,162.03399999999968,162.1009999999997,5584
2026-06-24T06:00:00+00:00,162.1009999999997,162.2049999999997,162.0719999999997,162.1979999999997,7192
2026-06-24T07:00:00+00:00,162.1979999999997,162.22999999999968,162.1549999999997,162.2049999999997,7185
2026-06-24T08:00:00+00:00,162.2049999999997,162.2469999999997,162.17199999999968,162.2449999999997,7100
2026-06-24T09:00:00+00:00,162.2449999999997,162.2679999999997,162.1989999999997,162.22999999999968,5406
2026-06-24T10:00:00+00:00,162.22999999999968,162.24199999999968,162.1749999999997,162.17799999999968,5542
2026-06-24T11:00:00+00:00,162.17799999999968,162.20699999999968,162.11199999999968,162.1449999999997,7780
2026-06-24T12:00:00+00:00,162.1449999999997,162.2449999999997,162.1249999999997,162.2439999999997,9405
2026-06-24T13:00:00+00:00,162.2439999999997,162.25399999999968,162.18999999999969,162.23599999999968,11690
2026-06-24T14:00:00+00:00,162.23599999999968,162.3049999999997,162.19599999999969,162.2819999999997,7310
2026-06-24T15:00:00+00:00,162.2819999999997,162.30099999999968,162.2199999999997,162.24899999999968,9498
2026-06-24T16:00:00+00:00,162.24899999999968,162.26099999999968,162.1789999999997,162.2459999999997,6553
2026-06-24T17:00:00+00:00,162.2459999999997,162.30899999999968,162.2259999999997,162.3049999999997,5553
2026-06-24T18:00:00+00:00,162.3049999999997,162.31899999999968,162.2519999999997,162.2519999999997,7996
2026-06-24T19:00:00+00:00,162.2519999999997,162.3269999999997,162.2369999999997,162.3109999999997,6682.141073080481
2026-06-24T20:00:00+00:00,162.3109999999997,162.3189999999997,162.2649999999997,162.2649999999997,4939
2026-06-24T21:00:00+00:00,162.2649999999997,162.27699999999976,162.1939999999997,162.24999999999977,1054.8155385174214
2026-06-24T22:00:00+00:00,162.24999999999977,162.27099999999976,162.23299999999978,162.26299999999978,1939.308503062242
2026-06-24T23:00:00+00:00,162.26299999999978,162.2809999999998,162.24599999999978,162.2629999999998,1718.2538613861386
2026-06-25T00:00:00+00:00,162.2629999999998,162.2739999999998,162.18799999999982,162.2029999999998,6564
2026-06-25T01:00:00+00:00,162.2029999999998,162.23599999999982,162.0479999999998,162.2089999999998,8040
2026-06-25T02:00:00+00:00,162.2089999999998,162.22299999999981,162.1559999999998,162.20699999999982,5328
2026-06-25T03:00:00+00:00,162.20699999999982,162.24699999999982,162.18899999999982,162.21899999999982,4293
2026-06-25T04:00:00+00:00,162.21899999999982,162.2679999999998,162.20199999999983,162.25899999999982,2785
2026-06-25T05:00:00+00:00,162.25899999999982,162.32499999999982,162.21999999999983,162.31499999999983,4236
2026-06-25T06:00:00+00:00,162.31499999999983,162.3819999999998,162.27899999999983,162.3769999999998,6006
2026-06-25T07:00:00+00:00,162.3769999999998,162.39099999999982,162.2449999999998,162.3059999999998,8261
2026-06-25T08:00:00+00:00,162.3059999999998,162.3279999999998,162.26599999999982,162.29099999999983,7729
2026-06-25T09:00:00+00:00,162.29099999999983,162.3339999999998,162.27899999999983,162.30799999999982,5389
2026-06-25T10:00:00+00:00,162.30799999999982,162.39099999999982,162.29699999999983,162.3699999999998,4049
2026-06-25T11:00:00+00:00,162.3699999999998,162.4409999999998,162.23599999999982,162.35999999999981,8236
2026-06-25T12:00:00+00:00,162.35999999999981,162.3949999999998,162.25399999999982,162.33099999999982,13390
2026-06-25T13:00:00+00:00,162.33099999999982,162.3469999999998,162.19399999999982,162.23499999999981,11762
2026-06-25T14:00:00+00:00,162.23499999999981,162.2559999999998,162.05199999999982,162.16999999999982,16180
2026-06-25T15:00:00+00:00,162.16999999999982,162.2169999999998,162.10599999999982,162.16599999999983,12205
2026-06-25T16:00:00+00:00,162.16599999999983,162.26099999999983,162.1509999999998,162.26099999999983,6996
2026-06-25T17:00:00+00:00,162.26099999999983,162.30299999999983,162.21999999999983,162.27299999999983,5862
2026-06-25T18:00:00+00:00,162.27299999999983,162.33699999999982,162.25499999999982,162.2859999999998,5935
2026-06-25T19:00:00+00:00,162.2859999999998,162.3179999999998,162.2329999999998,162.2809999999998,3957
2026-06-25T20:00:00+00:00,162.2809999999998,162.3059999999998,162.2679999999998,162.2739999999998,3272
2026-06-25T21:00:00+00:00,162.2739999999998,162.30799999999982,162.15999999999983,162.24999999999983,4395.427141741784
2026-06-25T22:00:00+00:00,162.24999999999983,162.29899999999984,162.24999999999983,162.28099999999984,1388
2026-06-25T23:00:00+00:00,162.28099999999984,162.3119999999998,162.25599999999983,162.29899999999984,2220
2026-06-26T00:00:00+00:00,162.29899999999984,162.3359999999998,162.28699999999984,162.32599999999982,4396
2026-06-26T01:00:00+00:00,162.32599999999982,162.34399999999982,162.2879999999998,162.29899999999984,5356
2026-06-26T02:00:00+00:00,162.29899999999984,162.30999999999983,162.26699999999983,162.27199999999982,3924
2026-06-26T03:00:00+00:00,162.27199999999982,162.27399999999983,162.11799999999982,162.1449999999998,3648
2026-06-26T04:00:00+00:00,162.1449999999998,162.17999999999984,162.06299999999982,162.12299999999982,5737
2026-06-26T05:00:00+00:00,162.12299999999982,162.13799999999983,162.03299999999982,162.03899999999982,6699
2026-06-26T06:00:00+00:00,162.03899999999982,162.24499999999983,162.02699999999982,162.21299999999982,10111
2026-06-26T07:00:00+00:00,162.21299999999982,162.22199999999984,162.11499999999984,162.11999999999983,7387
2026-06-26T08:00:00+00:00,162.11999999999983,162.14899999999983,162.02999999999983,162.08299999999983,7480
2026-06-26T09:00:00+00:00,162.08299999999983,162.12599999999983,162.02799999999982,162.10099999999983,7183
2026-06-26T10:00:00+00:00,162.10099999999983,162.13699999999983,162.06399999999982,162.11499999999984,6026
2026-06-26T11:00:00+00:00,162.11499999999984,162.17799999999983,162.10399999999981,162.15999999999983,5337
2026-06-26T12:00:00+00:00,162.15999999999983,162.19999999999982,162.1329999999998,162.15199999999982,7097
2026-06-26T13:00:00+00:00,162.15199999999982,162.21499999999983,162.11499999999984,162.12599999999983,10128
2026-06-26T14:00:00+00:00,162.12599999999983,162.23699999999982,162.07099999999983,162.21999999999983,9110
2026-06-26T15:00:00+00:00,162.21999999999983,162.24099999999981,162.12899999999982,162.16599999999983,6552
2026-06-26T16:00:00+00:00,162.16599999999983,162.26599999999982,162.15499999999983,162.24899999999982,4926
2026-06-26T17:00:00+00:00,162.24899999999982,162.27099999999982,162.22499999999982,162.26499999999982,3725
2026-06-26T18:00:00+00:00,162.26499999999982,162.2699999999998,162.20599999999982,162.23099999999982,3562
2026-06-26T19:00:00+00:00,162.23099999999982,162.25899999999982,162.2049999999998,162.25199999999984,2277
2026-06-26T20:00:00+00:00,162.25199999999984,162.27399999999983,162.18399999999983,162.18399999999983,2984.0531093962777
2026-06-28T21:00:00+00:00,162.18399999999983,162.26599999999985,162.17999999999986,162.26599999999985,411.38143908855574
2026-06-28T22:00:00+00:00,162.26599999999985,162.34499999999986,162.22899999999984,162.26899999999986,1821
2026-06-28T23:00:00+00:00,162.26899999999986,162.28799999999984,162.24999999999986,162.26999999999984,2401
2026-06-29T00:00:00+00:00,162.26999999999984,162.27099999999984,162.19599999999986,162.23899999999986,5602
2026-06-29T01:00:00+00:00,162.23899999999986,162.27099999999984,162.20999999999987,162.26799999999986,5277
2026-06-29T02:00:00+00:00,162.26799999999986,162.26999999999984,162.20899999999986,162.26399999999984,4449
2026-06-29T03:00:00+00:00,162.26399999999984,162.27499999999986,162.24899999999985,162.27499999999986,2868
2026-06-29T04:00:00+00:00,162.27499999999986,162.29399999999984,162.26299999999986,162.28899999999985,2331
2026-06-29T05:00:00+00:00,162.28899999999985,162.29399999999984,162.25899999999984,162.27999999999986,3111
2026-06-29T06:00:00+00:00,162.27999999999986,162.32799999999986,162.25399999999985,162.26899999999986,5759
2026-06-29T07:00:00+00:00,162.26899999999986,162.30499999999986,162.26499999999984,162.29999999999984,4404
2026-06-29T08:00:00+00:00,162.29999999999984,162.33599999999984,162.27699999999984,162.32999999999984,3631
2026-06-29T09:00:00+00:00,162.32999999999984,162.37499999999986,162.30899999999986,162.35799999999986,3558
2026-06-29T10:00:00+00:00,162.35799999999986,162.37599999999986,162.32199999999986,162.32999999999984,3594.3154956346143
2026-06-29T11:00:00+00:00,162.32999999999984,162.33799999999985,162.28999999999985,162.31399999999985,5866
2026-06-29T12:00:00+00:00,162.31399999999985,162.37999999999985,162.30999999999986,162.37099999999984,6214
2026-06-29T13:00:00+00:00,162.37099999999984,162.44099999999986,162.36399999999986,162.43399999999986,7058
2026-06-29T14:00:00+00:00,162.43399999999986,162.43399999999986,162.27999999999986,162.40499999999986,10422
2026-06-29T15:00:00+00:00,162.40499999999986,162.42699999999985,162.39499999999984,162.40699999999984,6679
2026-06-29T16:00:00+00:00,162.40699999999984,162.42199999999985,162.39199999999985,162.41599999999985,6975
2026-06-29T17:00:00+00:00,162.41599999999985,162.43499999999986,162.39399999999986,162.41099999999986,3798
2026-06-29T18:00:00+00:00,162.41099999999986,162.45699999999985,162.40099999999984,162.44399999999985,3236
2026-06-29T19:00:00+00:00,162.44399999999985,162.44699999999986,162.38099999999986,162.41399999999985,3536
2026-06-29T20:00:00+00:00,162.41399999999985,162.43899999999982,162.39999999999984,162.40599999999984,1813.936245572609
2026-06-29T21:00:00+00:00,162.40599999999984,162.40599999999984,162.33099999999982,162.36799999999982,1669
2026-06-29T22:00:00+00:00,162.36799999999982,162.42299999999983,162.36799999999982,162.39699999999985,1156.750423216445
2026-06-29T23:00:00+00:00,162.39699999999985,162.4109999999998,162.38799999999978,162.4049999999998,1023.8443820421907
2026-06-30T00:00:00+00:00,162.4049999999998,162.8839999999998,162.4019999999998,162.6189999999998,11076
2026-06-30T01:00:00+00:00,162.6189999999998,162.78699999999978,162.5339999999998,162.6669999999998,13706
2026-06-30T02:00:00+00:00,162.6669999999998,162.6819999999998,162.59099999999978,162.6279999999998,7478
2026-06-30T03:00:00+00:00,162.6279999999998,162.7269999999998,162.5219999999998,162.6549999999998,7701
2026-06-30T04:00:00+00:00,162.6549999999998,162.6889999999998,162.6309999999998,162.6839999999998,5020
2026-06-30T05:00:00+00:00,162.6839999999998,162.77499999999978,162.6359999999998,162.7739999999998,5747
2026-06-30T06:00:00+00:00,162.7739999999998,162.8929999999998,162.6829999999998,162.6839999999998,10241
2026-06-30T07:00:00+00:00,162.6839999999998,162.7499999999998,162.6009999999998,162.73999999999978,7090
2026-06-30T08:00:00+00:00,162.73999999999978,162.8959999999998,162.7079999999998,162.79899999999978,7835
2026-06-30T09:00:00+00:00,162.79899999999978,162.8329999999998,162.7489999999998,162.7739999999998,7364
2026-06-30T10:00:00+00:00,162.7739999999998,162.8389999999998,162.7719999999998,162.7959999999998,7194
2026-06-30T11:00:00+00:00,162.7959999999998,162.90699999999978,162.79399999999978,162.8929999999998,8898
2026-06-30T12:00:00+00:00,162.8929999999998,162.9939999999998,162.4939999999998,162.8839999999998,11802
2026-06-30T13:00:00+00:00,162.8839999999998,162.9569999999998,162.79299999999978,162.9469999999998,6286
2026-06-30T14:00:00+00:00,162.9469999999998,163.0329999999998,162.8339999999998,162.99599999999978,17886
2026-06-30T15:00:00+00:00,162.99599999999978,163.1429999999998,162.9499999999998,163.0939999999998,10089
2026-06-30T16:00:00+00:00,163.0939999999998,163.1529999999998,163.0809999999998,163.12699999999978,4767
2026-06-30T17:00:00+00:00,163.12699999999978,163.1289999999998,163.03799999999978,163.0639999999998,4085
2026-06-30T18:00:00+00:00,163.0639999999998,163.0999999999998,163.03799999999978,163.09699999999978,4448
2026-06-30T19:00:00+00:00,163.09699999999978,163.1119999999998,163.0519999999998,163.06099999999978,5803
2026-06-30T20:00:00+00:00,163.06099999999978,163.09199999999979,162.9909999999998,162.9999999999998,6061
2026-06-30T21:00:00+00:00,162.9999999999998,163.1009999999998,162.9709999999998,163.0359999999998,2175.747625160462
2026-06-30T22:00:00+00:00,163.0359999999998,163.1049999999998,163.0359999999998,163.0869999999998,1230.5068203908468
2026-06-30T23:00:00+00:00,163.0869999999998,163.1279999999998,163.0089999999998,163.11499999999978,1530
2026-07-01T00:00:00+00:00,163.11499999999978,163.25699999999978,163.11499999999978,163.1639999999998,6377
2026-07-01T01:00:00+00:00,163.1639999999998,163.21099999999979,163.06699999999978,163.1659999999998,6697
2026-07-01T02:00:00+00:00,163.1659999999998,163.2719999999998,163.1399999999998,163.2289999999998,4576
2026-07-01T03:00:00+00:00,163.2289999999998,163.3189999999998,163.21099999999979,163.2799999999998,4436
2026-07-01T04:00:00+00:00,163.2799999999998,163.29299999999978,163.03699999999978,163.2069999999998,7581
2026-07-01T05:00:00+00:00,163.2069999999998,163.2429999999998,163.1669999999998,163.19199999999978,4631
2026-07-01T06:00:00+00:00,163.19199999999978,163.2369999999998,163.1409999999998,163.1579999999998,6574
2026-07-01T07:00:00+00:00,163.1579999999998,163.2029999999998,163.0929999999998,163.1539999999998,7039
2026-07-01T08:00:00+00:00,163.1539999999998,163.1849999999998,163.1159999999998,163.1479999999998,5294
2026-07-01T09:00:00+00:00,163.1479999999998,163.2239999999998,163.1309999999998,163.21599999999978,5012
2026-07-01T10:00:00+00:00,163.21599999999978,163.22799999999978,163.15699999999978,163.1709999999998,4485
2026-07-01T11:00:00+00:00,163.1709999999998,163.21699999999979,163.1649999999998,163.1779999999998,5257
2026-07-01T12:00:00+00:00,163.1779999999998,163.24599999999978,163.1519999999998,163.18099999999978,6946
2026-07-01T13:00:00+00:00,163.18099999999978,163.2149999999998,162.7769999999998,162.88899999999978,21165
2026-07-01T14:00:00+00:00,162.88899999999978,162.9339999999998,162.79299999999978,162.8779999999998,16922
2026-07-01T15:00:00+00:00,162.8779999999998,162.9579999999998,162.8569999999998,162.89499999999978,11074
2026-07-01T16:00:00+00:00,162.89499999999978,162.9439999999998,162.84199999999979,162.9399999999998,5802
2026-07-01T17:00:00+00:00,162.9399999999998,163.0289999999998,162.90599999999978,163.01399999999978,5610
2026-07-01T18:00:00+00:00,163.01399999999978,163.0639999999998,162.99499999999978,163.0059999999998,4416
2026-07-01T19:00:00+00:00,163.0059999999998,163.06799999999978,162.98999999999978,163.0529999999998,3846
2026-07-01T20:00:00+00:00,163.0529999999998,163.1019999999998,163.03199999999978,163.0509999999998,3360
2026-07-01T21:00:00+00:00,163.0509999999998,163.0509999999998,162.9809999999998,163.02399999999983,1128.1612113536698
2026-07-01T22:00:00+00:00,163.02399999999983,163.06399999999985,163.02399999999983,163.03699999999978,957.0689833630381
2026-07-01T23:00:00+00:00,163.03699999999978,163.0829999999998,163.01399999999978,163.04399999999978,1407.1611772950246
2026-07-02T00:00:00+00:00,163.04399999999978,163.09199999999979,162.9759999999998,163.0579999999998,8446
2026-07-02T01:00:00+00:00,163.0579999999998,163.0789999999998,162.9999999999998,163.0279999999998,6712
2026-07-02T02:00:00+00:00,163.0279999999998,163.0459999999998,162.9909999999998,163.01999999999978,4124
2026-07-02T03:00:00+00:00,163.01999999999978,163.0399999999998,162.9289999999998,162.9569999999998,4508
2026-07-02T04:00:00+00:00,162.9569999999998,162.9569999999998,162.8579999999998,162.9279999999998,6597
2026-07-02T05:00:00+00:00,162.9279999999998,162.9289999999998,162.8149999999998,162.82999999999979,6734
2026-07-02T06:00:00+00:00,162.82999999999979,162.8309999999998,161.6099999999998,162.3169999999998,24747
2026-07-02T07:00:00+00:00,162.3169999999998,162.44299999999978,161.8679999999998,161.9299999999998,32642
2026-07-02T08:00:00+00:00,161.9299999999998,161.9579999999998,161.3929999999998,161.51999999999978,35559
2026-07-02T09:00:00+00:00,161.51999999999978,161.8369999999998,161.5189999999998,161.6979999999998,23873
2026-07-02T10:00:00+00:00,161.6979999999998,161.9819999999998,161.6949999999998,161.8569999999998,13314
2026-07-02T11:00:00+00:00,161.8569999999998,161.9929999999998,161.8189999999998,161.9749999999998,11328
2026-07-02T12:00:00+00:00,161.9749999999998,162.13899999999978,161.1139999999998,161.5209999999998,40443
2026-07-02T13:00:00+00:00,161.5209999999998,161.6539999999998,161.3499999999998,161.3509999999998,25742
2026-07-02T14:00:00+00:00,161.3509999999998,161.6119999999998,161.3229999999998,161.5339999999998,23253
2026-07-02T15:00:00+00:00,161.5339999999998,161.5759999999998,161.2539999999998,161.4059999999998,22989
2026-07-02T16:00:00+00:00,161.4059999999998,161.5889999999998,161.38299999999978,161.4799999999998,18400
2026-07-02T17:00:00+00:00,161.4799999999998,161.6219999999998,161.4799999999998,161.5659999999998,10963
2026-07-02T18:00:00+00:00,161.5659999999998,161.5999999999998,161.51399999999978,161.5429999999998,10892
2026-07-02T19:00:00+00:00,161.5429999999998,161.66899999999978,161.5419999999998,161.6229999999998,8515
2026-07-02T20:00:00+00:00,161.6229999999998,161.6379999999998,161.5629999999998,161.5909999999998,3573
2026-07-02T21:00:00+00:00,161.5909999999998,161.6539999999998,161.5469999999998,161.5889999999998,2048.611515200579
2026-07-02T22:00:00+00:00,161.5889999999998,161.8369999999998,161.5889999999998,161.7969999999998,2128
2026-07-02T23:00:00+00:00,161.7969999999998,162.00199999999978,161.76999999999978,161.9909999999998,4535
2026-07-03T00:00:00+00:00,161.9909999999998,162.05599999999978,161.7209999999998,161.7249999999998,12178
2026-07-03T01:00:00+00:00,161.7249999999998,161.8069999999998,161.4529999999998,161.76999999999978,14676
2026-07-03T02:00:00+00:00,161.76999999999978,161.7829999999998,161.6559999999998,161.7059999999998,8269
2026-07-03T03:00:00+00:00,161.7059999999998,161.75799999999978,161.67999999999978,161.7089999999998,7425
2026-07-03T04:00:00+00:00,161.7089999999998,161.7469999999998,161.66299999999978,161.6649999999998,7071
2026-07-03T05:00:00+00:00,161.6649999999998,161.71699999999979,161.5159999999998,161.6999999999998,8649
2026-07-03T06:00:00+00:00,161.6999999999998,161.6999999999998,161.01399999999978,161.4049999999998,18487
2026-07-03T07:00:00+00:00,161.4049999999998,161.5339999999998,161.2499999999998,161.3339999999998,14900
2026-07-03T08:00:00+00:00,161.3339999999998,161.5719999999998,161.3079999999998,161.5689999999998,7096
2026-07-03T09:00:00+00:00,161.5689999999998,161.6639999999998,161.4999999999998,161.6619999999998,5320
2026-07-03T10:00:00+00:00,161.6619999999998,161.70399999999978,161.6099999999998,161.6309999999998,5357
2026-07-03T11:00:00+00:00,161.6309999999998,161.6969999999998,161.5939999999998,161.6519999999998,5873
2026-07-03T12:00:00+00:00,161.6519999999998,161.7059999999998,161.6379999999998,161.70499999999979,7622
2026-07-03T13:00:00+00:00,161.70499999999979,161.81099999999978,161.70399999999978,161.7889999999998,7724
2026-07-03T14:00:00+00:00,161.7889999999998,161.8309999999998,161.7439999999998,161.8279999999998,9213
2026-07-03T15:00:00+00:00,161.8279999999998,161.8809999999998,161.80599999999978,161.8539999999998,6231
2026-07-03T16:00:00+00:00,161.8539999999998,161.92999999999978,161.84099999999978,161.8839999999998,3451
2026-07-03T17:00:00+00:00,161.8839999999998,161.8919999999998,161.8139999999998,161.8389999999998,18183
2026-07-03T18:00:00+00:00,161.8389999999998,161.8939999999998,161.8249999999998,161.8899999999998,8339
2026-07-03T19:00:00+00:00,161.8899999999998,161.9159999999998,161.8759999999998,161.90099999999978,2008.942001152295
2026-07-03T20:00:00+00:00,161.90099999999978,161.9519999999998,161.8559999999998,161.8679999999998,6727.884564768534
2026-07-05T21:00:00+00:00,161.8679999999998,161.89799999999983,161.84799999999981,161.89599999999984,378.78827062375706
2026-07-05T22:00:00+00:00,161.89599999999984,162.08199999999982,161.87299999999982,162.02799999999985,3351.258974878795
2026-07-05T23:00:00+00:00,162.02799999999985,162.11699999999985,162.02799999999985,162.07099999999986,2791
2026-07-06T00:00:00+00:00,162.07099999999986,162.21799999999985,162.06599999999983,162.14299999999983,13913
2026-07-06T01:00:00+00:00,162.14299999999983,162.42499999999984,162.14199999999985,162.42299999999983,9885
2026-07-06T02:00:00+00:00,162.42299999999983,162.46099999999984,162.36099999999985,162.38199999999983,6115
2026-07-06T03:00:00+00:00,162.38199999999983,162.47199999999984,162.37399999999985,162.45199999999986,5057
2026-07-06T04:00:00+00:00,162.45199999999986,162.55499999999984,162.41999999999985,162.55199999999985,4807
2026-07-06T05:00:00+00:00,162.55199999999985,162.69599999999986,162.49399999999986,162.69099999999983,7251
2026-07-06T06:00:00+00:00,162.69099999999983,162.91799999999984,162.63999999999984,162.86099999999985,15182
2026-07-06T07:00:00+00:00,162.86099999999985,162.92599999999985,162.76699999999985,162.76999999999984,14653
2026-07-06T08:00:00+00:00,162.76999999999984,162.90399999999985,162.76899999999983,162.85999999999984,9075
2026-07-06T09:00:00+00:00,162.85999999999984,162.95799999999986,162.83899999999986,162.94399999999985,8246
2026-07-06T10:00:00+00:00,162.94399999999985,163.02199999999985,162.86699999999985,162.92099999999985,11152
2026-07-06T11:00:00+00:00,162.92099999999985,162.96699999999984,162.89399999999983,162.94499999999985,7528
2026-07-06T12:00:00+00:00,162.94499999999985,163.03599999999983,162.91299999999984,163.00999999999985,9269
2026-07-06T13:00:00+00:00,163.00999999999985,163.03099999999984,162.92099999999985,162.94799999999984,11156
2026-07-06T14:00:00+00:00,162.94799999999984,162.99499999999983,162.88299999999984,162.96899999999985,10172
2026-07-06T15:00:00+00:00,162.96899999999985,162.98199999999986,162.88499999999985,162.89599999999984,6469
2026-07-06T16:00:00+00:00,162.89599999999984,162.92999999999984,162.85199999999983,162.87099999999984,3862
2026-07-06T17:00:00+00:00,162.87099999999984,162.88399999999984,162.75599999999983,162.78699999999984,5278
2026-07-06T18:00:00+00:00,162.78699999999984,162.79999999999984,162.62899999999985,162.65799999999984,5563
2026-07-06T19:00:00+00:00,162.65799999999984,162.72799999999984,162.64299999999983,162.66699999999983,6999
2026-07-06T20:00:00+00:00,162.66699999999983,162.72799999999984,162.64099999999985,162.68399999999986,3366
2026-07-06T21:00:00+00:00,162.68399999999986,162.73699999999985,162.63299999999984,162.66999999999985,5534
2026-07-06T22:00:00+00:00,162.66999999999985,162.72799999999984,162.65499999999983,162.67799999999986,2237
2026-07-06T23:00:00+00:00,162.67799999999986,162.72299999999984,162.61099999999985,162.70699999999985,2215
2026-07-07T00:00:00+00:00,162.70699999999985,162.79199999999983,162.69199999999984,162.74499999999983,8122
2026-07-07T01:00:00+00:00,162.74499999999983,162.75899999999984,162.29599999999985,162.48399999999984,12687
2026-07-07T02:00:00+00:00,162.48399999999984,162.53799999999984,162.40699999999984,162.53199999999984,7277
2026-07-07T03:00:00+00:00,162.53199999999984,162.53799999999984,162.40399999999985,162.48499999999984,6851
2026-07-07T04:00:00+00:00,162.48499999999984,162.49699999999984,162.29399999999984,162.40799999999984,5753
2026-07-07T05:00:00+00:00,162.40799999999984,162.50399999999985,162.36199999999985,162.48099999999985,8800
2026-07-07T06:00:00+00:00,162.48099999999985,162.65499999999983,162.47299999999984,162.63699999999983,6655
2026-07-07T07:00:00+00:00,162.63699999999983,162.69299999999984,162.26299999999983,162.57199999999983,14308
2026-07-07T08:00:00+00:00,162.57199999999983,162.58199999999985,162.43799999999985,162.51199999999983,13164
2026-07-07T09:00:00+00:00,162.51199999999983,162.57699999999986,162.42599999999985,162.55199999999985,8662
2026-07-07T10:00:00+00:00,162.55199999999985,162.57399999999984,162.48699999999985,162.55099999999985,5910
2026-07-07T11:00:00+00:00,162.55099999999985,162.56999999999985,162.45799999999986,162.53199999999984,5826
2026-07-07T12:00:00+00:00,162.53199999999984,162.54099999999985,162.36599999999984,162.45199999999986,8196
2026-07-07T13:00:00+00:00,162.45199999999986,162.51399999999984,162.42399999999984,162.50599999999983,9690
2026-07-07T14:00:00+00:00,162.50599999999983,162.63499999999985,162.46899999999985,162.52499999999984,13778
2026-07-07T15:00:00+00:00,162.52499999999984,162.55899999999986,162.46999999999986,162.52499999999984,7301
2026-07-07T16:00:00+00:00,162.52499999999984,162.57099999999986,162.48099999999985,162.54599999999985,4980
2026-07-07T17:00:00+00:00,162.54599999999985,162.55399999999983,162.49099999999984,162.50299999999984,5383
2026-07-07T18:00:00+00:00,162.50299999999984,162.58199999999985,162.47099999999983,162.54499999999985,5837
2026-07-07T19:00:00+00:00,162.54499999999985,162.75299999999984,162.54399999999984,162.68899999999985,10853
2026-07-07T20:00:00+00:00,162.68899999999985,162.73799999999986,162.66399999999985,162.68899999999985,3187
2026-07-07T21:00:00+00:00,162.68899999999985,162.80099999999982,162.63199999999983,162.7569999999998,1811.4236561523333
2026-07-07T22:00:00+00:00,162.7569999999998,162.8099999999998,162.7159999999998,162.7909999999998,3342
2026-07-07T23:00:00+00:00,162.7909999999998,162.9779999999998,162.7799999999998,162.97499999999982,2979
2026-07-08T00:00:00+00:00,162.97499999999982,163.01499999999982,162.8639999999998,162.95599999999982,10988
2026-07-08T01:00:00+00:00,162.95599999999982,163.0719999999998,162.8939999999998,162.96899999999982,6991
2026-07-08T02:00:00+00:00,162.96899999999982,163.0439999999998,162.9469999999998,162.9549999999998,5426
2026-07-08T03:00:00+00:00,162.9549999999998,162.96299999999982,162.9009999999998,162.94999999999982,5761
2026-07-08T04:00:00+00:00,162.94999999999982,163.0179999999998,162.9459999999998,162.9769999999998,3606
2026-07-08T05:00:00+00:00,162.9769999999998,162.98699999999982,162.8169999999998,162.9069999999998,6965
2026-07-08T06:00:00+00:00,162.9069999999998,162.9179999999998,162.6859999999998,162.8149999999998,10175
2026-07-08T07:00:00+00:00,162.8149999999998,162.90199999999982,162.7919999999998,162.8349999999998,14741
2026-07-08T08:00:00+00:00,162.8349999999998,163.1079999999998,162.81999999999982,163.09899999999982,15548
2026-07-08T09:00:00+00:00,163.09899999999982,163.1679999999998,162.8509999999998,163.0719999999998,14413
2026-07-08T10:00:00+00:00,163.0719999999998,163.0889999999998,163.0169999999998,163.08699999999982,6920
2026-07-08T11:00:00+00:00,163.08699999999982,163.1679999999998,163.0309999999998,163.14699999999982,9655
2026-07-08T12:00:00+00:00,163.14699999999982,163.15799999999982,163.0549999999998,163.1309999999998,12361
2026-07-08T13:00:00+00:00,163.1309999999998,163.17699999999982,163.0949999999998,163.1509999999998,12052
2026-07-08T14:00:00+00:00,163.1509999999998,163.23599999999982,163.1239999999998,163.2219999999998,7572
2026-07-08T15:00:00+00:00,163.2219999999998,163.31999999999982,163.20099999999982,163.2819999999998,9668
2026-07-08T16:00:00+00:00,163.2819999999998,163.28299999999982,163.1129999999998,163.1439999999998,10237
2026-07-08T17:00:00+00:00,163.1439999999998,163.1629999999998,163.0299999999998,163.13999999999982,7812
2026-07-08T18:00:00+00:00,163.13999999999982,163.16999999999982,163.0549999999998,163.08799999999977,6570.718710224863
2026-07-08T19:00:00+00:00,163.08799999999977,163.17099999999976,163.03699999999975,163.08999999999978,7169
2026-07-08T20:00:00+00:00,163.08999999999978,163.26199999999977,163.08399999999978,163.18999999999977,3468
2026-07-08T21:00:00+00:00,163.18999999999977,163.2159999999998,163.07699999999977,163.15499999999983,2244.510003935362
2026-07-08T22:00:00+00:00,163.15499999999983,163.21699999999984,163.15199999999984,163.1759999999999,1017.5354230118239
2026-07-08T23:00:00+00:00,163.1759999999999,163.1909999999999,163.1429999999999,163.1509999999999,1834
2026-07-09T00:00:00+00:00,163.1509999999999,163.1509999999999,162.9689999999999,163.0529999999999,8811
2026-07-09T01:00:00+00:00,163.0529999999999,163.1829999999999,163.0219999999999,163.0599999999999,10254
2026-07-09T02:00:00+00:00,163.0599999999999,163.11299999999991,163.0489999999999,163.0809999999999,4331
2026-07-09T03:00:00+00:00,163.0809999999999,163.1059999999999,163.0189999999999,163.0619999999999,4449
2026-07-09T04:00:00+00:00,163.0619999999999,163.0759999999999,163.0189999999999,163.0409999999999,3104
2026-07-09T05:00:00+00:00,163.0409999999999,163.0469999999999,162.9549999999999,162.9809999999999,5443
2026-07-09T06:00:00+00:00,162.9809999999999,162.9849999999999,162.8579999999999,162.9079999999999,9701
2026-07-09T07:00:00+00:00,162.9079999999999,163.0099999999999,162.9079999999999,162.9589999999999,9827
2026-07-09T08:00:00+00:00,162.9589999999999,163.0139999999999,162.9129999999999,163.0059999999999,8629
2026-07-09T09:00:00+00:00,163.0059999999999,163.0609999999999,162.9919999999999,163.0129999999999,4551
2026-07-09T10:00:00+00:00,163.0129999999999,163.1159999999999,163.0109999999999,163.0949999999999,3290
2026-07-09T11:00:00+00:00,163.0949999999999,163.1209999999999,163.0649999999999,163.0839999999999,5519
2026-07-09T12:00:00+00:00,163.0839999999999,163.0849999999999,163.0019999999999,163.0529999999999,5901
2026-07-09T13:00:00+00:00,163.0529999999999,163.0629999999999,162.9039999999999,162.9499999999999,7990
2026-07-09T14:00:00+00:00,162.9499999999999,163.0339999999999,162.8959999999999,162.9779999999999,8948
2026-07-09T15:00:00+00:00,162.9779999999999,163.0239999999999,162.8659999999999,162.8989999999999,6025
2026-07-09T16:00:00+00:00,162.8989999999999,162.9369999999999,162.8669999999999,162.9289999999999,5088
2026-07-09T17:00:00+00:00,162.9289999999999,162.9419999999999,162.8839999999999,162.8979999999999,2932
2026-07-09T18:00:00+00:00,162.8979999999999,162.9869999999999,162.8979999999999,162.9449999999999,4085
2026-07-09T19:00:00+00:00,162.9449999999999,163.0259999999999,162.9309999999999,162.9999999999999,3222
2026-07-09T20:00:00+00:00,162.9999999999999,163.0189999999999,162.9599999999999,162.9599999999999,2055.6471307619945
2026-07-09T21:00:00+00:00,162.9599999999999,163.00899999999993,162.92399999999992,162.98299999999992,1513.9142049413485
2026-07-09T22:00:00+00:00,162.98299999999992,163.0469999999999,162.96799999999993,162.97799999999992,1327.6867815469232
2026-07-09T23:00:00+00:00,162.97799999999992,163.00899999999993,162.95999999999992,162.98899999999992,1257
2026-07-10T00:00:00+00:00,162.98899999999992,163.04599999999994,162.51199999999992,162.67699999999994,13389
2026-07-10T01:00:00+00:00,162.67699999999994,162.72799999999992,162.25399999999993,162.35799999999992,25387
2026-07-10T02:00:00+00:00,162.35799999999992,162.37799999999993,161.90799999999993,162.07499999999993,25132
2026-07-10T03:00:00+00:00,162.07499999999993,162.19899999999993,161.9759999999999,162.13999999999993,15147
2026-07-10T04:00:00+00:00,162.13999999999993,162.3329999999999,162.13999999999993,162.25799999999992,7963
2026-07-10T05:00:00+00:00,162.25799999999992,162.28599999999992,162.09599999999992,162.20399999999992,10500
2026-07-10T06:00:00+00:00,162.20399999999992,162.23799999999991,162.03099999999992,162.20399999999992,14538
2026-07-10T07:00:00+00:00,162.20399999999992,162.39599999999993,162.19699999999992,162.31999999999994,13259
2026-07-10T08:00:00+00:00,162.31999999999994,162.36799999999994,162.16299999999993,162.30799999999994,14705
2026-07-10T09:00:00+00:00,162.30799999999994,162.48099999999994,162.26199999999992,162.44899999999993,11639
2026-07-10T10:00:00+00:00,162.44899999999993,162.44899999999993,162.31999999999994,162.39099999999993,9543
2026-07-10T11:00:00+00:00,162.39099999999993,162.50799999999992,162.37099999999992,162.4699999999999,7875
2026-07-10T12:00:00+00:00,162.4699999999999,162.5169999999999,162.30799999999994,162.41899999999993,12041
2026-07-10T13:00:00+00:00,162.41899999999993,162.48399999999992,162.3449999999999,162.38999999999993,9178
2026-07-10T14:00:00+00:00,162.38999999999993,162.49099999999993,162.36799999999994,162.45099999999994,12532
2026-07-10T15:00:00+00:00,162.45099999999994,162.46899999999994,161.90299999999993,161.94299999999993,17995
2026-07-10T16:00:00+00:00,161.94299999999993,162.1359999999999,161.9219999999999,162.13199999999992,17831
2026-07-10T17:00:00+00:00,162.13199999999992,162.27599999999993,162.11399999999992,162.26799999999992,7592
2026-07-10T18:00:00+00:00,162.26799999999992,162.35799999999992,162.25599999999991,162.31299999999993,5055
2026-07-10T19:00:00+00:00,162.31299999999993,162.36899999999991,162.29999999999993,162.36099999999993,3479
2026-07-10T20:00:00+00:00,162.36099999999993,162.38299999999992,162.26499999999993,162.28699999999995,3013.866908196049
2026-07-12T21:00:00+00:00,162.28699999999995,162.36199999999997,162.189,162.31099999999998,1351.5800462238672
2026-07-12T22:00:00+00:00,162.31099999999998,162.63299999999998,162.29799999999997,162.59399999999997,5916
2026-07-12T23:00:00+00:00,162.59399999999997,162.635,162.45199999999997,162.45299999999997,6678
2026-07-13T00:00:00+00:00,162.45299999999997,162.67,162.44899999999998,162.66199999999998,18929
2026-07-13T01:00:00+00:00,162.66199999999998,162.73899999999998,162.52399999999997,162.545,16184
2026-07-13T02:00:00+00:00,162.545,162.65999999999997,162.52899999999997,162.64399999999998,10206
2026-07-13T03:00:00+00:00,162.64399999999998,162.694,162.63199999999998,162.63899999999998,10009
2026-07-13T04:00:00+00:00,162.63899999999998,162.664,162.53099999999998,162.56599999999997,9591
2026-07-13T05:00:00+00:00,162.56599999999997,162.90399999999997,162.509,162.83899999999997,19466
2026-07-13T06:00:00+00:00,162.83899999999997,162.92299999999997,162.76899999999998,162.808,19172
2026-07-13T07:00:00+00:00,162.808,162.849,162.39399999999998,162.67199999999997,23470
2026-07-13T08:00:00+00:00,162.67199999999997,162.70999999999998,162.58799999999997,162.64999999999998,17674
2026-07-13T09:00:00+00:00,162.64999999999998,162.67199999999997,162.54799999999997,162.56499999999997,11453
2026-07-13T10:00:00+00:00,162.56499999999997,162.69199999999998,162.56199999999998,162.63799999999998,14111
2026-07-13T11:00:00+00:00,162.63799999999998,162.71599999999998,162.599,162.689,13267
2026-07-13T12:00:00+00:00,162.689,162.76299999999998,162.66699999999997,162.683,10739
2026-07-13T13:00:00+00:00,162.683,162.801,162.64299999999997,162.79199999999997,14248
2026-07-13T14:00:00+00:00,162.79199999999997,162.98099999999997,162.754,162.91699999999997,17489
2026-07-13T15:00:00+00:00,162.91699999999997,162.951,162.873,162.89399999999998,9038
2026-07-13T16:00:00+00:00,162.89399999999998,163.03599999999997,162.878,163.021,12055
2026-07-13T17:00:00+00:00,163.021,163.03699999999998,162.99499999999998,163.033,7550
2026-07-13T18:00:00+00:00,163.033,163.04799999999997,162.926,162.92899999999997,8985
2026-07-13T19:00:00+00:00,162.92899999999997,163.03599999999997,162.926,163.01999999999998,5129
2026-07-13T20:00:00+00:00,163.01999999999998,163.05599999999998,162.99599999999998,162.99999999999997,3278
2026-07-13T21:00:00+00:00,162.99999999999997,163.03700000000006,162.936,162.99500000000006,435.3434964100337
2026-07-13T22:00:00+00:00,162.99500000000006,163.03400000000008,162.97600000000006,163.01500000000004,1230.0385384131116
2026-07-13T23:00:00+00:00,163.01500000000004,163.02500000000003,162.96200000000005,162.99300000000005,2862
2026-07-14T00:00:00+00:00,162.99300000000005,163.04100000000005,162.80200000000005,162.95500000000004,16017
2026-07-14T01:00:00+00:00,162.95500000000004,162.99600000000004,162.89800000000005,162.96600000000004,10038
2026-07-14T02:00:00+00:00,162.96600000000004,162.98600000000005,162.87800000000004,162.89600000000004,9743
2026-07-14T03:00:00+00:00,162.89600000000004,162.94300000000004,162.80000000000004,162.86000000000004,10378
2026-07-14T04:00:00+00:00,162.86000000000004,162.91200000000003,162.83200000000005,162.88800000000003,7017
2026-07-14T05:00:00+00:00,162.88800000000003,162.88800000000003,162.81400000000005,162.85900000000004,8496
2026-07-14T06:00:00+00:00,162.85900000000004,162.94200000000004,162.84500000000006,162.91800000000003,13300
2026-07-14T07:00:00+00:00,162.91800000000003,162.94300000000004,162.86900000000006,162.91500000000005,11224
2026-07-14T08:00:00+00:00,162.91500000000005,162.95700000000005,162.62000000000003,162.84500000000006,11017
2026-07-14T09:00:00+00:00,162.84500000000006,162.85400000000004,162.72800000000004,162.75600000000006,9507
2026-07-14T10:00:00+00:00,162.75600000000006,162.83500000000004,162.72900000000004,162.82700000000006,9033
2026-07-14T11:00:00+00:00,162.82700000000006,162.84900000000005,162.75600000000006,162.77000000000004,9106
2026-07-14T12:00:00+00:00,162.77000000000004,162.80400000000006,162.16600000000005,162.48300000000003,29647
2026-07-14T13:00:00+00:00,162.48300000000003,162.54800000000006,162.40200000000004,162.49400000000006,27357
2026-07-14T14:00:00+00:00,162.49400000000006,162.58700000000005,162.38500000000005,162.54000000000005,22641
2026-07-14T15:00:00+00:00,162.54000000000005,162.74200000000005,162.44300000000004,162.71500000000003,19317
2026-07-14T16:00:00+00:00,162.71500000000003,162.76900000000003,162.67700000000005,162.68500000000006,12074
2026-07-14T17:00:00+00:00,162.68500000000006,162.80800000000005,162.68400000000005,162.76400000000004,10391
2026-07-14T18:00:00+00:00,162.76400000000004,162.85800000000003,162.73400000000004,162.76800000000006,8042
2026-07-14T19:00:00+00:00,162.76800000000006,162.78400000000005,162.70500000000004,162.78300000000004,8337
2026-07-14T20:00:00+00:00,162.78300000000004,162.83900000000006,162.77600000000004,162.80900000000005,3107
2026-07-14T21:00:00+00:00,162.80900000000005,162.80900000000005,162.66200000000006,162.76100000000014,851.0669678025952
2026-07-14T22:00:00+00:00,162.76100000000014,162.83300000000014,162.75600000000014,162.80300000000014,2485
2026-07-14T23:00:00+00:00,162.80300000000014,162.80700000000016,162.73300000000015,162.76400000000015,2365
2026-07-15T00:00:00+00:00,162.76400000000015,162.80900000000014,162.64500000000015,162.66700000000014,11361
2026-07-15T01:00:00+00:00,162.66700000000014,162.69600000000014,162.53200000000015,162.66500000000016,12400
2026-07-15T02:00:00+00:00,162.66500000000016,162.69200000000015,162.60500000000016,162.67500000000015,6828
2026-07-15T03:00:00+00:00,162.67500000000015,162.74900000000014,162.65400000000014,162.71000000000015,7250
2026-07-15T04:00:00+00:00,162.71000000000015,162.79700000000014,162.70400000000015,162.77900000000014,3984
2026-07-15T05:00:00+00:00,162.77900000000014,162.80300000000014,162.74300000000014,162.77000000000015,5444
2026-07-15T06:00:00+00:00,162.77000000000015,162.78300000000016,162.66900000000015,162.77800000000016,9134
2026-07-15T07:00:00+00:00,162.77800000000016,162.87900000000016,162.76600000000016,162.83600000000015,6636
2026-07-15T08:00:00+00:00,162.83600000000015,162.92000000000016,162.81400000000016,162.86900000000014,8319
2026-07-15T09:00:00+00:00,162.86900000000014,162.94100000000014,162.81000000000014,162.93400000000014,7975
2026-07-15T10:00:00+00:00,162.93400000000014,162.99100000000016,162.88100000000014,162.89600000000016,6638
2026-07-15T11:00:00+00:00,162.89600000000016,162.96400000000014,162.86600000000016,162.91500000000016,9217
2026-07-15T12:00:00+00:00,162.91500000000016,162.96300000000014,162.70900000000015,162.73300000000015,13251
2026-07-15T13:00:00+00:00,162.73300000000015,162.85100000000014,162.69800000000015,162.77500000000015,12135
2026-07-15T14:00:00+00:00,162.77500000000015,162.80400000000014,162.68500000000014,162.71000000000015,15429
2026-07-15T15:00:00+00:00,162.71000000000015,162.78600000000014,162.64400000000015,162.70000000000016,9848
2026-07-15T16:00:00+00:00,162.70000000000016,162.76900000000015,162.68900000000016,162.73200000000014,8674
2026-07-15T17:00:00+00:00,162.73200000000014,162.73500000000016,162.53700000000015,162.55600000000015,10358
2026-07-15T18:00:00+00:00,162.55600000000015,162.63100000000014,162.46200000000016,162.61400000000015,8957.864884160925
2026-07-15T19:00:00+00:00,162.61400000000015,162.84900000000013,162.58000000000015,162.79500000000016,10572
2026-07-15T20:00:00+00:00,162.79500000000016,162.79900000000015,162.74200000000013,162.74200000000013,2924.887553171814
2026-07-15T21:00:00+00:00,162.74200000000013,162.74200000000013,162.6530000000001,162.6800000000001,1459.730773747392
2026-07-15T22:00:00+00:00,162.6800000000001,162.7070000000001,162.6390000000001,162.67700000000008,1989.954767243864
2026-07-15T23:00:00+00:00,162.67700000000008,162.67700000000008,162.58500000000006,162.63000000000008,2999
2026-07-16T00:00:00+00:00,162.63000000000008,162.71100000000007,162.60900000000007,162.65000000000006,9291
2026-07-16T01:00:00+00:00,162.65000000000006,162.67400000000006,162.58300000000006,162.66100000000006,7813
2026-07-16T02:00:00+00:00,162.66100000000006,162.72400000000007,162.64200000000008,162.70600000000007,9014
2026-07-16T03:00:00+00:00,162.70600000000007,162.71200000000007,162.62800000000007,162.64100000000008,5549
2026-07-16T04:00:00+00:00,162.64100000000008,162.69600000000005,162.63800000000006,162.65400000000008,4379
2026-07-16T05:00:00+00:00,162.65400000000008,162.73700000000008,162.64000000000007,162.71400000000006,5395
2026-07-16T06:00:00+00:00,162.71400000000006,162.73200000000006,162.66700000000006,162.67500000000007,10812
2026-07-16T07:00:00+00:00,162.67500000000007,162.68600000000006,162.53700000000006,162.64000000000007,11457
2026-07-16T08:00:00+00:00,162.64000000000007,162.73700000000008,162.62000000000006,162.70300000000006,9738
2026-07-16T09:00:00+00:00,162.70300000000006,162.75100000000006,162.66700000000006,162.72800000000007,10577
2026-07-16T10:00:00+00:00,162.72800000000007,162.75200000000007,162.68600000000006,162.70800000000006,5196
2026-07-16T11:00:00+00:00,162.70800000000006,162.78700000000006,162.67000000000007,162.71100000000007,10008
2026-07-16T12:00:00+00:00,162.71100000000007,162.85500000000008,162.70800000000006,162.85100000000006,11260
2026-07-16T13:00:00+00:00,162.85100000000006,162.90100000000007,162.77100000000007,162.87300000000008,10320
2026-07-16T14:00:00+00:00,162.87300000000008,163.00900000000007,162.86500000000007,163.00200000000007,8805
2026-07-16T15:00:00+00:00,163.00200000000007,163.03300000000007,162.96600000000007,162.98300000000006,8113
2026-07-16T16:00:00+00:00,162.98300000000006,163.10300000000007,162.97700000000006,163.03100000000006,7475
2026-07-16T17:00:00+00:00,163.03100000000006,163.06300000000007,162.95500000000007,162.97100000000006,4246
2026-07-16T18:00:00+00:00,162.97100000000006,162.98200000000006,162.92700000000008,162.94700000000006,5634
2026-07-16T19:00:00+00:00,162.94700000000006,162.99000000000007,162.93300000000008,162.96100000000007,4165
2026-07-16T20:00:00+00:00,162.96100000000007,162.96300000000008,162.91200000000006,162.93800000000007,2737
2026-07-16T21:00:00+00:00,162.93800000000007,162.94900000000007,162.89100000000008,162.92200000000008,641.8133879528555
2026-07-16T22:00:00+00:00,162.92200000000008,162.94400000000007,162.87700000000007,162.92800000000008,1355
2026-07-16T23:00:00+00:00,162.92800000000008,162.96700000000004,162.89300000000006,162.95300000000006,2386.076306753148
2026-07-17T00:00:00+00:00,162.95300000000006,163.02800000000005,162.93000000000006,162.98900000000006,7843
2026-07-17T01:00:00+00:00,162.98900000000006,163.04400000000007,162.98000000000005,163.03600000000006,5945
2026-07-17T02:00:00+00:00,163.03600000000006,163.03800000000007,162.90800000000004,162.94100000000006,5125
2026-07-17T03:00:00+00:00,162.94100000000006,162.98200000000006,162.92900000000006,162.96300000000005,4811
2026-07-17T04:00:00+00:00,162.96300000000005,163.00200000000007,162.94000000000005,162.98900000000006,3462
2026-07-17T05:00:00+00:00,162.98900000000006,163.01500000000004,162.93500000000006,162.97100000000006,5513
2026-07-17T06:00:00+00:00,162.97100000000006,162.99300000000005,162.70200000000006,162.83300000000006,12335
2026-07-17T07:00:00+00:00,162.83300000000006,162.86300000000006,162.73000000000005,162.85800000000006,11612
2026-07-17T08:00:00+00:00,162.85800000000006,162.99400000000006,162.83500000000006,162.96100000000004,10601
2026-07-17T09:00:00+00:00,162.96100000000004,163.02400000000006,162.92800000000005,162.93200000000004,6206
2026-07-17T10:00:00+00:00,162.93200000000004,162.99100000000004,162.92800000000005,162.93100000000007,5575
2026-07-17T11:00:00+00:00,162.93100000000007,162.94400000000005,162.86900000000006,162.93200000000004,5912
2026-07-17T12:00:00+00:00,162.93200000000004,162.99100000000004,162.87600000000006,162.98200000000006,9019
2026-07-17T13:00:00+00:00,162.98200000000006,163.01400000000007,162.89200000000005,162.92900000000006,12067
2026-07-17T14:00:00+00:00,162.92900000000006,162.98400000000007,162.90000000000006,162.97800000000007,11028
2026-07-17T15:00:00+00:00,162.97800000000007,163.01300000000006,162.91900000000007,163.00600000000006,7614
2026-07-17T16:00:00+00:00,163.00600000000006,163.09000000000006,162.99800000000005,162.99800000000005,7461
2026-07-17T17:00:00+00:00,162.99800000000005,163.04800000000006,162.97000000000006,163.01700000000005,6112
2026-07-17T18:00:00+00:00,163.01700000000005,163.03200000000007,162.98700000000005,163.01500000000004,6746
2026-07-17T19:00:00+00:00,163.01500000000004,163.04500000000004,162.95400000000006,162.95700000000005,4149
2026-07-17T20:00:00+00:00,162.95700000000005,163.01600000000005,162.92100000000008,162.92700000000005,2564.7819011406846
2026-07-19T21:00:00+00:00,162.92700000000005,162.96400000000006,162.85400000000013,162.8950000000001,772.9177815694609
2026-07-19T22:00:00+00:00,162.8950000000001,163.0980000000001,162.8950000000001,163.0240000000001,4058
2026-07-19T23:00:00+00:00,163.0240000000001,163.0670000000001,162.9970000000001,163.03500000000008,3426
2026-07-20T00:00:00+00:00,163.03500000000008,163.0560000000001,162.84500000000008,162.85600000000008,8189
2026-07-20T01:00:00+00:00,162.85600000000008,162.9300000000001,162.8240000000001,162.87900000000008,7710
2026-07-20T02:00:00+00:00,162.87900000000008,162.8900000000001,162.8480000000001,162.88500000000008,3995
2026-07-20T03:00:00+00:00,162.88500000000008,162.9000000000001,162.86800000000008,162.8900000000001,3190
2026-07-20T04:00:00+00:00,162.8900000000001,162.9010000000001,162.84900000000007,162.85600000000008,2959
2026-07-20T05:00:00+00:00,162.85600000000008,162.8950000000001,162.8410000000001,162.89200000000008,3354
2026-07-20T06:00:00+00:00,162.89200000000008,162.93300000000008,162.88000000000008,162.92800000000008,5324
2026-07-20T07:00:00+00:00,162.92800000000008,162.9720000000001,162.83100000000007,162.8840000000001,11445
2026-07-20T08:00:00+00:00,162.8840000000001,162.89800000000008,162.85500000000008,162.8900000000001,8708
2026-07-20T09:00:00+00:00,162.8900000000001,162.95100000000008,162.88500000000008,162.93400000000008,6451
2026-07-20T10:00:00+00:00,162.93400000000008,162.9490000000001,162.9070000000001,162.92200000000008,4422
2026-07-20T11:00:00+00:00,162.92200000000008,162.94600000000008,162.7270000000001,162.8640000000001,9740
2026-07-20T12:00:00+00:00,162.8640000000001,162.9490000000001,162.86200000000008,162.92600000000007,7720
2026-07-20T13:00:00+00:00,162.92600000000007,162.9960000000001,162.9070000000001,162.9960000000001,6978
2026-07-20T14:00:00+00:00,162.9960000000001,163.10600000000008,162.98200000000008,163.04100000000008,10435
2026-07-20T15:00:00+00:00,163.04100000000008,163.10100000000008,163.04000000000008,163.08700000000007,6771
2026-07-20T16:00:00+00:00,163.08700000000007,163.11700000000008,163.0420000000001,163.0430000000001,4815
2026-07-20T17:00:00+00:00,163.0430000000001,163.0430000000001,162.9770000000001,162.98200000000008,3876
2026-07-20T18:00:00+00:00,162.98200000000008,163.04700000000008,162.93800000000007,163.02100000000007,6058
2026-07-20T19:00:00+00:00,163.02100000000007,163.0380000000001,162.98000000000008,163.0370000000001,5304
2026-07-20T20:00:00+00:00,163.0370000000001,163.05100000000007,162.99800000000008,162.99800000000008,2935
2026-07-20T21:00:00+00:00,162.99800000000008,163.03700000000012,162.95600000000007,163.0110000000001,1778.0098686298693
2026-07-20T22:00:00+00:00,163.0110000000001,163.03700000000012,163.0050000000001,163.0280000000001,1716
2026-07-20T23:00:00+00:00,163.0280000000001,163.0330000000001,163.0110000000001,163.01300000000012,2041
2026-07-21T00:00:00+00:00,163.01300000000012,163.06000000000012,162.97100000000012,163.06000000000012,7453
2026-07-21T01:00:00+00:00,163.06000000000012,163.06000000000012,162.9560000000001,163.03000000000011,6529
2026-07-21T02:00:00+00:00,163.03000000000011,163.04800000000012,163.00700000000012,163.0170000000001,4174
2026-07-21T03:00:00+00:00,163.0170000000001,163.0400000000001,162.9760000000001,163.0110000000001,4601
2026-07-21T04:00:00+00:00,163.0110000000001,163.02400000000011,162.99500000000012,163.0120000000001,3895
2026-07-21T05:00:00+00:00,163.0120000000001,163.0520000000001,162.99500000000012,163.0290000000001,4561
2026-07-21T06:00:00+00:00,163.0290000000001,163.0820000000001,163.0110000000001,163.0520000000001,6158
2026-07-21T07:00:00+00:00,163.0520000000001,163.1420000000001,163.0460000000001,163.1250000000001,6569
2026-07-21T08:00:00+00:00,163.1250000000001,163.2240000000001,163.1120000000001,163.2080000000001,4755
2026-07-21T09:00:00+00:00,163.2080000000001,163.22100000000012,163.14400000000012,163.19700000000012,6121
2026-07-21T10:00:00+00:00,163.19700000000012,163.22300000000013,163.16200000000012,163.1900000000001,6952
2026-07-21T11:00:00+00:00,163.1900000000001,163.27600000000012,163.18500000000012,163.25700000000012,4161
2026-07-21T12:00:00+00:00,163.25700000000012,163.32400000000013,163.21600000000012,163.2490000000001,6336
2026-07-21T13:00:00+00:00,163.2490000000001,163.4140000000001,163.2480000000001,163.39300000000011,8327
2026-07-21T14:00:00+00:00,163.39300000000011,163.5640000000001,163.3790000000001,163.5410000000001,10508
2026-07-21T15:00:00+00:00,163.5410000000001,163.56000000000012,163.43600000000012,163.53800000000012,7379
2026-07-21T16:00:00+00:00,163.53800000000012,163.5530000000001,163.4820000000001,163.52600000000012,4743
2026-07-21T17:00:00+00:00,163.52600000000012,163.5530000000001,163.5000000000001,163.5520000000001,2375
2026-07-21T18:00:00+00:00,163.5520000000001,163.75700000000012,163.5510000000001,163.71000000000012,8586
2026-07-21T19:00:00+00:00,163.71000000000012,163.7430000000001,163.6840000000001,163.72800000000012,5965
2026-07-21T20:00:00+00:00,163.72800000000012,163.7620000000001,163.67300000000012,163.67300000000012,3264
2026-07-21T21:00:00+00:00,163.67300000000012,163.7070000000001,163.64300000000011,163.6780000000001,804.0842645381983
2026-07-21T22:00:00+00:00,163.6780000000001,163.72800000000012,163.6780000000001,163.7250000000001,1224.726771369376
2026-07-21T23:00:00+00:00,163.7250000000001,163.74600000000012,163.7090000000001,163.7100000000001,1209.2355356476296
2026-07-22T00:00:00+00:00,163.7100000000001,163.72600000000008,163.55200000000008,163.65900000000008,9418
2026-07-22T01:00:00+00:00,163.65900000000008,163.72500000000008,163.6210000000001,163.67100000000008,7801
2026-07-22T02:00:00+00:00,163.67100000000008,163.70000000000007,163.59300000000007,163.6390000000001,6450
2026-07-22T03:00:00+00:00,163.6390000000001,163.68700000000007,163.63400000000007,163.67700000000008,4977
2026-07-22T04:00:00+00:00,163.67700000000008,163.71900000000008,163.67200000000008,163.69400000000007,3704
2026-07-22T05:00:00+00:00,163.69400000000007,163.7090000000001,163.60600000000008,163.61100000000008,4232
2026-07-22T06:00:00+00:00,163.61100000000008,163.66600000000008,163.57400000000007,163.61300000000008,7455
2026-07-22T07:00:00+00:00,163.61300000000008,163.65800000000007,163.2150000000001,163.4660000000001,13374
2026-07-22T08:00:00+00:00,163.4660000000001,163.6330000000001,163.43100000000007,163.48000000000008,9759
2026-07-22T09:00:00+00:00,163.48000000000008,163.5730000000001,163.4650000000001,163.5540000000001,9295
2026-07-22T10:00:00+00:00,163.5540000000001,163.59900000000007,163.52600000000007,163.54100000000008,4908
2026-07-22T11:00:00+00:00,163.54100000000008,163.6020000000001,163.5140000000001,163.5960000000001,4850
2026-07-22T12:00:00+00:00,163.5960000000001,163.65800000000007,163.56200000000007,163.6270000000001,7233
2026-07-22T13:00:00+00:00,163.6270000000001,163.6320000000001,163.53500000000008,163.58000000000007,8715
2026-07-22T14:00:00+00:00,163.58000000000007,163.64200000000008,163.56200000000007,163.6380000000001,8318
2026-07-22T15:00:00+00:00,163.6380000000001,163.6550000000001,163.59200000000007,163.60000000000008,5942
2026-07-22T16:00:00+00:00,163.60000000000008,163.64200000000008,163.58600000000007,163.6320000000001,4358
2026-07-22T17:00:00+00:00,163.6320000000001,163.6980000000001,163.6260000000001,163.67700000000008,4418
2026-07-22T18:00:00+00:00,163.67700000000008,163.69600000000008,163.62900000000008,163.6490000000001,3966
2026-07-22T19:00:00+00:00,163.6490000000001,163.68200000000007,163.6390000000001,163.67000000000007,5455
2026-07-22T20:00:00+00:00,163.67000000000007,163.68700000000007,163.6560000000001,163.6610000000001,4459
2026-07-22T21:00:00+00:00,163.6610000000001,163.6610000000001,163.5900000000001,163.61200000000005,644.5522345003602
2026-07-22T22:00:00+00:00,163.61200000000005,163.67100000000005,163.60300000000007,163.63800000000006,1556
2026-07-22T23:00:00+00:00,163.63800000000006,163.64700000000005,163.61000000000007,163.61000000000007,1608.0152626597255
2026-07-23T00:00:00+00:00,163.61000000000007,163.65900000000008,163.5670000000001,163.5780000000001,6627
2026-07-23T01:00:00+00:00,163.5780000000001,163.60700000000008,163.51500000000007,163.5850000000001,8649
2026-07-23T02:00:00+00:00,163.5850000000001,163.61900000000009,163.5670000000001,163.5910000000001,5190
2026-07-23T03:00:00+00:00,163.5910000000001,163.60700000000008,163.55200000000008,163.56300000000007,4016
2026-07-23T04:00:00+00:00,163.56300000000007,163.6030000000001,163.5490000000001,163.59300000000007,2860
2026-07-23T05:00:00+00:00,163.59300000000007,163.63100000000009,163.58700000000007,163.63000000000008,2836.65543047996
2026-07-23T06:00:00+00:00,163.63000000000008,163.63700000000009,163.58900000000008,163.63100000000009,7183
2026-07-23T07:00:00+00:00,163.63100000000009,163.9470000000001,163.63100000000009,163.8400000000001,12471
2026-07-23T08:00:00+00:00,163.8400000000001,163.96300000000008,163.80700000000007,163.86300000000008,8306
2026-07-23T09:00:00+00:00,163.86300000000008,163.9170000000001,163.8100000000001,163.8890000000001,4859
2026-07-23T10:00:00+00:00,163.8890000000001,163.9050000000001,163.86800000000008,163.89800000000008,5953
2026-07-23T11:00:00+00:00,163.89800000000008,164.15400000000008,163.83800000000008,164.0130000000001,12928
2026-07-23T12:00:00+00:00,164.0130000000001,164.27700000000007,163.98100000000008,164.19600000000008,13294
2026-07-23T13:00:00+00:00,164.19600000000008,164.48500000000007,164.18800000000007,164.4830000000001,13482
2026-07-23T14:00:00+00:00,164.4830000000001,164.51000000000008,164.3950000000001,164.4420000000001,12404
2026-07-23T15:00:00+00:00,164.4420000000001,164.47500000000008,164.29600000000008,164.32600000000008,13650
2026-07-23T16:00:00+00:00,164.32600000000008,164.35600000000008,164.2450000000001,164.29000000000008,6195
2026-07-23T17:00:00+00:00,164.29000000000008,164.36700000000008,164.2390000000001,164.36300000000008,7703
2026-07-23T18:00:00+00:00,164.36300000000008,164.36900000000009,164.30100000000007,164.32700000000008,5069
2026-07-23T19:00:00+00:00,164.32700000000008,164.38100000000009,164.29600000000008,164.3460000000001,4355
2026-07-23T20:00:00+00:00,164.3460000000001,164.3990000000001,164.32500000000007,164.35400000000007,2625
2026-07-23T21:00:00+00:00,164.35400000000007,164.383,164.28900000000002,164.316,1019.5037848893791
2026-07-23T22:00:00+00:00,164.316,164.38299999999998,164.31400000000002,164.38,1483.736065053191
2026-07-23T23:00:00+00:00,164.38,164.402,164.337,164.373,2078
2026-07-24T00:00:00+00:00,164.373,164.469,164.327,164.346,11220
2026-07-24T01:00:00+00:00,164.346,164.393,164.25799999999998,164.31,9314
2026-07-24T02:00:00+00:00,164.31,164.34099999999998,164.261,164.309,6962
2026-07-24T03:00:00+00:00,164.309,164.40099999999998,164.302,164.337,5733
2026-07-24T04:00:00+00:00,164.337,164.37699999999998,164.316,164.35899999999998,7049
2026-07-24T05:00:00+00:00,164.35899999999998,164.38,164.328,164.373,4091
2026-07-24T06:00:00+00:00,164.373,164.381,164.298,164.298,7454
2026-07-24T07:00:00+00:00,164.298,164.337,164.184,164.297,9799
2026-07-24T08:00:00+00:00,164.297,164.344,164.256,164.266,7098
2026-07-24T09:00:00+00:00,164.266,164.297,164.22,164.22199999999998,7182
2026-07-24T10:00:00+00:00,164.22199999999998,164.339,164.209,164.32299999999998,4485
2026-07-24T11:00:00+00:00,164.32299999999998,164.37099999999998,164.29299999999998,164.34,6318
2026-07-24T12:00:00+00:00,164.34,164.396,164.332,164.38299999999998,7073
2026-07-24T13:00:00+00:00,164.38299999999998,164.41,164.315,164.315,6873
2026-07-24T14:00:00+00:00,164.315,164.368,164.22799999999998,164.289,7538
2026-07-24T15:00:00+00:00,164.289,164.308,164.177,164.242,8652
2026-07-24T16:00:00+00:00,164.242,164.313,164.23499999999999,164.313,5885
2026-07-24T17:00:00+00:00,164.313,164.37099999999998,164.313,164.344,3299
2026-07-24T18:00:00+00:00,164.344,164.387,164.331,164.373,2221
2026-07-24T19:00:00+00:00,164.373,164.386,164.34099999999998,164.38299999999998,2734
2026-07-24T20:00:00+00:00,164.38299999999998,164.4,164.35699999999997,164.35799999999998,1467.8509048453006
2026-07-26T21:00:00+00:00,164.35799999999998,164.43599999999992,164.2949999999999,164.3729999999999,1536.6680004200202
2026-07-26T22:00:00+00:00,164.3729999999999,164.4739999999999,164.32399999999993,164.4629999999999,4105
2026-07-26T23:00:00+00:00,164.4629999999999,164.46499999999992,164.37699999999992,164.3859999999999,1888
2026-07-27T00:00:00+00:00,164.3859999999999,164.41799999999992,164.28799999999993,164.3979999999999,10664
2026-07-27T01:00:00+00:00,164.3979999999999,164.40099999999993,164.24599999999992,164.24699999999993,5319
2026-07-27T02:00:00+00:00,164.24699999999993,164.3449999999999,164.2239999999999,164.34199999999993,4814
2026-07-27T03:00:00+00:00,164.34199999999993,164.3799999999999,164.3199999999999,164.3449999999999,4564
2026-07-27T04:00:00+00:00,164.3449999999999,164.36599999999993,164.3149999999999,164.3439999999999,3973
2026-07-27T05:00:00+00:00,164.3439999999999,164.3729999999999,164.3269999999999,164.3559999999999,5181
2026-07-27T06:00:00+00:00,164.3559999999999,164.37099999999992,164.27599999999993,164.28599999999992,6494
2026-07-27T07:00:00+00:00,164.28599999999992,164.3029999999999,164.0949999999999,164.2909999999999,11232
2026-07-27T08:00:00+00:00,164.2909999999999,164.32399999999993,164.25899999999993,164.28599999999992,5715
2026-07-27T09:00:00+00:00,164.28599999999992,164.37199999999993,164.26299999999992,164.3019999999999,8376
2026-07-27T10:00:00+00:00,164.3019999999999,164.36599999999993,164.2969999999999,164.3569999999999,7570
2026-07-27T11:00:00+00:00,164.3569999999999,164.41699999999992,164.3489999999999,164.4149999999999,9287
2026-07-27T12:00:00+00:00,164.4149999999999,164.47199999999992,164.39299999999992,164.4579999999999,7214
2026-07-27T13:00:00+00:00,164.4579999999999,164.5269999999999,164.4209999999999,164.51499999999993,7536
2026-07-27T14:00:00+00:00,164.51499999999993,164.53699999999992,164.4639999999999,164.4749999999999,6930
2026-07-27T15:00:00+00:00,164.4749999999999,164.49099999999993,164.42399999999992,164.4799999999999,8198
2026-07-27T16:00:00+00:00,164.4799999999999,164.4809999999999,164.35299999999992,164.41899999999993,10602
2026-07-27T17:00:00+00:00,164.41899999999993,164.50199999999992,164.41799999999992,164.49399999999991,5703
2026-07-27T18:00:00+00:00,164.49399999999991,164.5589999999999,164.45899999999992,164.5459999999999,4966
2026-07-27T19:00:00+00:00,164.5459999999999,164.5459999999999,164.46499999999992,164.5049999999999,2947
2026-07-27T20:00:00+00:00,164.5049999999999,164.53799999999993,164.4859999999999,164.4859999999999,1995
2026-07-27T21:00:00+00:00,164.4859999999999,164.48699999999994,164.37099999999992,164.44999999999996,2315.724525200732
2026-07-27T22:00:00+00:00,164.44999999999996,164.52799999999993,164.44999999999996,164.51899999999995,1259.5599602159705
2026-07-27T23:00:00+00:00,164.51899999999995,164.55699999999993,164.48799999999994,164.54999999999993,2231
2026-07-28T00:00:00+00:00,164.54999999999993,164.61299999999994,164.50999999999993,164.51899999999995,6472
2026-07-28T01:00:00+00:00,164.51899999999995,164.56299999999993,164.48599999999993,164.53699999999992,6928
2026-07-28T02:00:00+00:00,164.53699999999992,164.56199999999993,164.44299999999993,164.48399999999992,4097
2026-07-28T03:00:00+00:00,164.48399999999992,164.54099999999994,164.47099999999995,164.53599999999994,5647
2026-07-28T04:00:00+00:00,164.53599999999994,164.54899999999992,164.51699999999994,164.52299999999994,4404
2026-07-28T05:00:00+00:00,164.52299999999994,164.54399999999993,164.49499999999995,164.51199999999994,3975
2026-07-28T06:00:00+00:00,164.51199999999994,164.51199999999994,164.43999999999994,164.48099999999994,6923
2026-07-28T07:00:00+00:00,164.48099999999994,164.56599999999995,164.48099999999994,164.55599999999993,6246
2026-07-28T08:00:00+00:00,164.55599999999993,164.62599999999995,164.53199999999993,164.59699999999992,5530
2026-07-28T09:00:00+00:00,164.59699999999992,164.66099999999994,164.57899999999992,164.64899999999994,4757
2026-07-28T10:00:00+00:00,164.64899999999994,164.72099999999995,164.63699999999994,164.70699999999994,4496
2026-07-28T11:00:00+00:00,164.70699999999994,164.70899999999995,164.67899999999995,164.70199999999994,3636
2026-07-28T12:00:00+00:00,164.70199999999994,164.70499999999993,164.61599999999993,164.65099999999993,5364
2026-07-28T13:00:00+00:00,164.65099999999993,164.65599999999992,164.58999999999995,164.60399999999993,5912
2026-07-28T14:00:00+00:00,164.60399999999993,164.65399999999994,164.59899999999993,164.63799999999995,7058
2026-07-28T15:00:00+00:00,164.63799999999995,164.63799999999995,164.41999999999993,164.41999999999993,11229
2026-07-28T16:00:00+00:00,164.41999999999993,164.52099999999993,164.41599999999994,164.51799999999994,6510
2026-07-28T17:00:00+00:00,164.51799999999994,164.58699999999993,164.48799999999994,164.57599999999994,5118
2026-07-28T18:00:00+00:00,164.57599999999994,164.63399999999993,164.54399999999993,164.63099999999994,3149
2026-07-28T19:00:00+00:00,164.63099999999994,164.64099999999993,164.59799999999993,164.62799999999993,3777
2026-07-28T20:00:00+00:00,164.62799999999993,164.65699999999993,164.60599999999994,164.61599999999993,1769
2026-07-28T21:00:00+00:00,164.61599999999993,164.63499999999993,164.53299999999993,164.60599999999994,1002.533884677234
2026-07-28T22:00:00+00:00,164.60599999999994,164.6819999999999,164.60599999999994,164.6579999999999,1685.0119581464874
2026-07-28T23:00:00+00:00,164.6579999999999,164.6799999999999,164.65499999999992,164.67499999999987,1792.066575756945
2026-07-29T00:00:00+00:00,164.67499999999987,164.68799999999987,164.47999999999988,164.51099999999988,7127
2026-07-29T01:00:00+00:00,164.51099999999988,164.58599999999987,164.48699999999988,164.52899999999988,6691
2026-07-29T02:00:00+00:00,164.52899999999988,164.55699999999987,164.46599999999987,164.52699999999987,5551
2026-07-29T03:00:00+00:00,164.52699999999987,164.52699999999987,164.36899999999986,164.42899999999986,5535
2026-07-29T04:00:00+00:00,164.42899999999986,164.42899999999986,164.08099999999988,164.23199999999986,13776
2026-07-29T05:00:00+00:00,164.23199999999986,164.30199999999988,164.15199999999987,164.30099999999987,7073
2026-07-29T06:00:00+00:00,164.30099999999987,164.38399999999987,164.25899999999987,164.33499999999987,9445
2026-07-29T07:00:00+00:00,164.33499999999987,164.49999999999986,164.29999999999987,164.48799999999986,10475
2026-07-29T08:00:00+00:00,164.48799999999986,164.50099999999986,164.36199999999988,164.38899999999987,7296
2026-07-29T09:00:00+00:00,164.38899999999987,164.42399999999986,164.31199999999987,164.40299999999985,5363
2026-07-29T10:00:00+00:00,164.40299999999985,164.48599999999985,164.39499999999987,164.45199999999986,5180
2026-07-29T11:00:00+00:00,164.45199999999986,164.47899999999987,164.42899999999986,164.43599999999986,4827
2026-07-29T12:00:00+00:00,164.43599999999986,164.61299999999986,164.42299999999986,164.58999999999986,7697
2026-07-29T13:00:00+00:00,164.58999999999986,164.60499999999985,164.51999999999987,164.54399999999987,6615
2026-07-29T14:00:00+00:00,164.54399999999987,164.67999999999986,164.52999999999986,164.67999999999986,5963
2026-07-29T15:00:00+00:00,164.67999999999986,164.67999999999986,164.62099999999987,164.64999999999986,6950
2026-07-29T16:00:00+00:00,164.64999999999986,164.69499999999985,164.64899999999986,164.68699999999987,4037
2026-07-29T17:00:00+00:00,164.68699999999987,164.68899999999985,164.55799999999985,164.56499999999986,4619
2026-07-29T18:00:00+00:00,164.56499999999986,164.60199999999986,164.10699999999986,164.10799999999986,24205
2026-07-29T19:00:00+00:00,164.10799999999986,164.30999999999986,164.02399999999986,164.30499999999986,23413
2026-07-29T20:00:00+00:00,164.30499999999986,164.35899999999987,164.18299999999985,164.18299999999985,8424
2026-07-29T21:00:00+00:00,164.18299999999985,164.21199999999985,164.11199999999985,164.17699999999985,2686.634461720582
2026-07-29T22:00:00+00:00,164.17699999999985,164.24199999999985,164.16899999999984,164.17799999999986,3938
2026-07-29T23:00:00+00:00,164.17799999999986,164.17799999999986,164.06199999999984,164.09799999999984,5059
2026-07-30T00:00:00+00:00,164.09799999999984,164.30499999999984,164.00199999999984,164.28399999999985,17152
2026-07-30T01:00:00+00:00,164.28399999999985,164.32199999999986,164.20299999999986,164.29199999999986,9586
2026-07-30T02:00:00+00:00,164.29199999999986,164.29499999999985,164.23999999999984,164.27999999999986,6297
2026-07-30T03:00:00+00:00,164.27999999999986,164.34199999999984,164.27599999999984,164.29099999999985,7382
2026-07-30T04:00:00+00:00,164.29099999999985,164.31299999999985,164.25399999999985,164.27899999999985,5338
2026-07-30T05:00:00+00:00,164.27899999999985,164.33999999999986,164.24799999999985,164.32899999999984,6054
2026-07-30T06:00:00+00:00,164.32899999999984,164.43399999999986,164.32599999999985,164.42999999999984,7853
2026-07-30T07:00:00+00:00,164.42999999999984,164.52899999999985,164.34999999999985,164.52099999999984,14336
2026-07-30T08:00:00+00:00,164.52099999999984,164.52199999999985,164.39699999999985,164.44499999999982,11421
2026-07-30T09:00:00+00:00,164.44499999999982,164.44499999999982,164.07199999999983,164.09899999999985,15241
2026-07-30T10:00:00+00:00,164.09899999999985,164.10599999999982,163.07399999999984,163.61699999999985,35808
2026-07-30T11:00:00+00:00,163.61699999999985,163.83399999999983,163.51299999999983,163.68399999999983,17675
2026-07-30T12:00:00+00:00,163.68399999999983,163.75199999999984,163.48799999999983,163.75099999999983,23716
2026-07-30T13:00:00+00:00,163.75099999999983,163.75299999999984,160.53399999999985,160.53799999999984,67550
2026-07-30T14:00:00+00:00,160.53799999999984,160.74299999999982,158.75799999999984,160.07599999999982,86269
2026-07-30T15:00:00+00:00,160.07599999999982,160.40499999999983,159.68799999999985,160.26399999999984,31128
2026-07-30T16:00:00+00:00,160.26399999999984,160.48099999999982,160.16199999999984,160.36399999999983,18631
2026-07-30T17:00:00+00:00,160.36399999999983,160.63799999999983,159.30899999999983,159.78499999999983,28353
2026-07-30T18:00:00+00:00,159.78499999999983,159.89199999999983,159.63499999999985,159.68799999999985,17028
2026-07-30T19:00:00+00:00,159.68799999999985,160.22599999999983,159.68799999999985,160.13999999999984,12107
2026-07-30T20:00:00+00:00,160.13999999999984,160.39899999999983,160.13299999999984,160.28999999999985,6680
2026-07-30T21:00:00+00:00,160.28999999999985,160.37199999999982,160.13499999999982,160.3459999999998,910.7395220399369
2026-07-30T22:00:00+00:00,160.3459999999998,160.49799999999982,160.0789999999998,160.36799999999982,10997
2026-07-30T23:00:00+00:00,160.36799999999982,160.91699999999983,160.29099999999983,160.90199999999982,14803
2026-07-31T00:00:00+00:00,160.90199999999982,161.39699999999982,160.85599999999982,161.2509999999998,30173
2026-07-31T01:00:00+00:00,161.2509999999998,161.45899999999983,161.05299999999983,161.4489999999998,24897
2026-07-31T02:00:00+00:00,161.4489999999998,161.4489999999998,161.1559999999998,161.22299999999981,15015
2026-07-31T03:00:00+00:00,161.22299999999981,161.58799999999982,161.18199999999982,161.32699999999983,20557
2026-07-31T04:00:00+00:00,161.32699999999983,161.52199999999982,161.27399999999983,161.3939999999998,16996
2026-07-31T05:00:00+00:00,161.3939999999998,161.4599999999998,161.25599999999983,161.3119999999998,18837
2026-07-31T06:00:00+00:00,161.3119999999998,161.32099999999983,160.64599999999982,161.0009999999998,38988
2026-07-31T07:00:00+00:00,161.0009999999998,161.35599999999982,160.91599999999983,160.9179999999998,33860
2026-07-31T08:00:00+00:00,160.9179999999998,161.22499999999982,159.24999999999983,159.64099999999982,40819
2026-07-31T09:00:00+00:00,159.64099999999982,160.79699999999983,159.28599999999983,160.7109999999998,54770
2026-07-31T10:00:00+00:00,160.7109999999998,160.84899999999982,160.56899999999982,160.70199999999983,14899
2026-07-31T11:00:00+00:00,160.70199999999983,160.96799999999982,160.70099999999982,160.92199999999983,12205
2026-07-31T12:00:00+00:00,160.92199999999983,161.16499999999982,160.87799999999982,161.0859999999998,13256
2026-07-31T13:00:00+00:00,161.0859999999998,161.2509999999998,159.83899999999983,160.20299999999983,49101
2026-07-31T14:00:00+00:00,160.20299999999983,160.2629999999998,159.61699999999982,159.95099999999982,45247
2026-07-31T15:00:00+00:00,159.95099999999982,160.13499999999982,159.56599999999983,159.88099999999983,29649
2026-07-31T16:00:00+00:00,159.88099999999983,160.08199999999982,159.83699999999982,160.08099999999982,9293
2026-07-31T17:00:00+00:00,160.08099999999982,160.2159999999998,158.87399999999982,159.22299999999981,39303
2026-07-31T18:00:00+00:00,159.22299999999981,159.8399999999998,159.02199999999982,159.6079999999998,20501
2026-07-31T19:00:00+00:00,159.6079999999998,159.94499999999982,159.58899999999983,159.8889999999998,10095
2026-07-31T20:00:00+00:00,159.8889999999998,159.91099999999983,157.95699999999985,158.18099999999984,49984
